Trip_no,Payment_type
1,2
2,2
3,2
4,2
5,1
6,2
7,2
8,1
9,2
10,1
11,2
12,2
13,2
14,2
15,2
16,1
17,2
18,1
19,2
20,2
21,1
22,1
23,2
24,2
25,2
26,1
27,2
28,1
29,2
30,2
31,1
32,2
33,1
34,1
35,1
36,2
37,2
38,1
39,1
40,1
41,1
42,2
43,2
44,1
45,2
46,1
47,2
48,2
49,2
50,1
51,2
52,2
53,1
54,1
55,2
56,1
57,1
58,1
59,1
60,1
61,2
62,2
63,1
64,1
65,1
66,2
67,1
68,2
69,2
70,2
71,2
72,2
73,2
74,1
75,1
76,1
77,2
78,2
79,2
80,2
81,1
82,1
83,2
84,2
85,1
86,2
87,1
88,2
89,1
90,1
91,1
92,2
93,1
94,2
95,2
96,2
97,4
98,2
99,2
100,2
101,2
102,1
103,1
104,2
105,1
106,1
107,2
108,2
109,1
110,1
111,1
112,2
113,1
114,2
115,2
116,1
117,2
118,2
119,2
120,2
121,2
122,1
123,1
124,2
125,2
126,1
127,1
128,2
129,2
130,1
131,2
132,1
133,2
134,2
135,1
136,2
137,2
138,2
139,2
140,1
141,1
142,2
143,2
144,2
145,2
146,1
147,2
148,2
149,2
150,1
151,2
152,1
153,2
154,2
155,1
156,1
157,2
158,1
159,1
160,2
161,2
162,2
163,2
164,1
165,1
166,1
167,2
168,1
169,2
170,1
171,2
172,1
173,1
174,1
175,2
176,2
177,2
178,2
179,2
180,2
181,1
182,2
183,1
184,1
185,2
186,1
187,2
188,2
189,2
190,2
191,1
192,2
193,2
194,2
195,2
196,2
197,1
198,2
199,2
200,1
201,1
202,2
203,2
204,1
205,1
206,1
207,1
208,1
209,1
210,2
211,2
212,2
213,1
214,2
215,2
216,2
217,1
218,2
219,2
220,2
221,2
222,1
223,1
224,1
225,1
226,2
227,1
228,2
229,1
230,2
231,1
232,2
233,2
234,2
235,2
236,2
237,2
238,1
239,1
240,1
241,1
242,1
243,2
244,2
245,2
246,1
247,1
248,2
249,2
250,3
251,1
252,2
253,1
254,2
255,2
256,1
257,2
258,1
259,2
260,2
261,4
262,2
263,2
264,1
265,2
266,2
267,2
268,1
269,1
270,1
271,2
272,2
273,1
274,1
275,2
276,1
277,1
278,1
279,1
280,1
281,1
282,2
283,1
284,2
285,2
286,1
287,2
288,2
289,2
290,1
291,1
292,2
293,1
294,1
295,1
296,2
297,1
298,1
299,2
300,2
301,2
302,2
303,1
304,1
305,1
306,2
307,1
308,1
309,1
310,2
311,1
312,2
313,1
314,2
315,2
316,1
317,2
318,1
319,2
320,2
321,1
322,1
323,2
324,2
325,2
326,2
327,2
328,2
329,3
330,1
331,2
332,2
333,2
334,1
335,1
336,1
337,1
338,1
339,1
340,2
341,1
342,1
343,2
344,1
345,2
346,2
347,1
348,1
349,1
350,2
351,2
352,2
353,1
354,2
355,2
356,2
357,1
358,2
359,1
360,1
361,2
362,3
363,1
364,2
365,2
366,1
367,1
368,1
369,1
370,2
371,2
372,1
373,1
374,2
375,2
376,1
377,1
378,2
379,2
380,2
381,2
382,2
383,2
384,2
385,1
386,1
387,2
388,1
389,2
390,2
391,2
392,1
393,2
394,2
395,1
396,2
397,2
398,2
399,2
400,2
401,1
402,1
403,2
404,2
405,1
406,2
407,2
408,1
409,2
410,1
411,1
412,2
413,2
414,1
415,1
416,2
417,2
418,2
419,1
420,2
421,1
422,4
423,1
424,2
425,1
426,1
427,2
428,2
429,2
430,2
431,2
432,2
433,2
434,2
435,2
436,2
437,1
438,1
439,1
440,1
441,2
442,2
443,2
444,2
445,1
446,1
447,2
448,2
449,1
450,1
451,1
452,1
453,1
454,2
455,2
456,1
457,1
458,2
459,2
460,1
461,1
462,2
463,2
464,1
465,1
466,1
467,2
468,1
469,2
470,1
471,1
472,2
473,2
474,1
475,2
476,2
477,2
478,2
479,2
480,1
481,1
482,2
483,2
484,2
485,2
486,2
487,1
488,1
489,1
490,2
491,2
492,1
493,2
494,1
495,1
496,1
497,1
498,1
499,1
500,1
501,2
502,1
503,2
504,2
505,1
506,1
507,1
508,1
509,2
510,2
511,2
512,2
513,1
514,1
515,2
516,2
517,1
518,2
519,2
520,1
521,2
522,1
523,2
524,2
525,1
526,1
527,2
528,2
529,2
530,2
531,2
532,1
533,2
534,2
535,1
536,2
537,2
538,1
539,1
540,2
541,2
542,1
543,2
544,2
545,2
546,2
547,2
548,1
549,1
550,2
551,2
552,2
553,1
554,1
555,2
556,1
557,1
558,2
559,2
560,2
561,2
562,2
563,2
564,1
565,2
566,1
567,1
568,1
569,2
570,2
571,1
572,1
573,2
574,2
575,2
576,1
577,2
578,2
579,2
580,1
581,1
582,1
583,2
584,2
585,2
586,2
587,1
588,2
589,2
590,1
591,1
592,1
593,1
594,2
595,1
596,2
597,2
598,2
599,2
600,1
601,1
602,2
603,2
604,2
605,2
606,1
607,2
608,2
609,1
610,2
611,1
612,2
613,1
614,1
615,2
616,1
617,2
618,1
619,2
620,1
621,2
622,2
623,2
624,1
625,2
626,1
627,3
628,1
629,2
630,1
631,2
632,4
633,1
634,1
635,1
636,2
637,1
638,1
639,2
640,2
641,1
642,2
643,2
644,2
645,2
646,1
647,1
648,1
649,2
650,1
651,2
652,1
653,2
654,2
655,2
656,2
657,2
658,2
659,2
660,1
661,1
662,2
663,1
664,1
665,1
666,1
667,1
668,1
669,1
670,1
671,2
672,1
673,1
674,2
675,2
676,1
677,2
678,2
679,2
680,2
681,1
682,1
683,2
684,1
685,1
686,1
687,2
688,1
689,2
690,1
691,1
692,1
693,1
694,1
695,2
696,1
697,2
698,1
699,1
700,2
701,1
702,2
703,2
704,4
705,2
706,1
707,2
708,2
709,2
710,2
711,1
712,2
713,2
714,2
715,2
716,2
717,2
718,2
719,1
720,1
721,2
722,1
723,2
724,2
725,1
726,2
727,1
728,2
729,1
730,2
731,1
732,1
733,2
734,2
735,1
736,2
737,2
738,1
739,2
740,2
741,1
742,1
743,2
744,1
745,2
746,1
747,1
748,1
749,1
750,2
751,3
752,2
753,1
754,2
755,2
756,1
757,1
758,1
759,2
760,2
761,1
762,1
763,2
764,2
765,1
766,1
767,2
768,1
769,1
770,1
771,2
772,2
773,2
774,2
775,1
776,1
777,2
778,2
779,1
780,1
781,2
782,2
783,2
784,1
785,2
786,2
787,1
788,1
789,2
790,1
791,2
792,2
793,1
794,2
795,1
796,1
797,1
798,1
799,1
800,2
801,1
802,2
803,2
804,2
805,1
806,2
807,2
808,2
809,2
810,2
811,2
812,2
813,2
814,1
815,1
816,2
817,2
818,1
819,2
820,2
821,1
822,1
823,2
824,2
825,2
826,2
827,2
828,1
829,1
830,2
831,1
832,2
833,1
834,2
835,1
836,2
837,1
838,1
839,2
840,2
841,2
842,2
843,2
844,2
845,1
846,2
847,1
848,1
849,2
850,2
851,1
852,1
853,2
854,2
855,2
856,2
857,2
858,1
859,2
860,1
861,2
862,2
863,1
864,2
865,1
866,2
867,2
868,1
869,2
870,2
871,2
872,1
873,1
874,1
875,1
876,1
877,1
878,1
879,1
880,2
881,2
882,2
883,2
884,1
885,2
886,1
887,2
888,2
889,2
890,1
891,1
892,2
893,1
894,1
895,2
896,1
897,2
898,1
899,2
900,1
901,1
902,2
903,2
904,1
905,2
906,1
907,2
908,1
909,2
910,1
911,2
912,1
913,2
914,1
915,1
916,1
917,2
918,2
919,2
920,2
921,1
922,2
923,2
924,1
925,1
926,2
927,1
928,1
929,2
930,1
931,2
932,2
933,2
934,1
935,1
936,2
937,2
938,2
939,2
940,1
941,2
942,2
943,1
944,1
945,1
946,2
947,1
948,1
949,2
950,1
951,1
952,2
953,2
954,2
955,2
956,2
957,1
958,2
959,1
960,2
961,1
962,1
963,1
964,1
965,1
966,1
967,2
968,2
969,1
970,1
971,2
972,1
973,2
974,1
975,1
976,2
977,3
978,1
979,1
980,2
981,2
982,1
983,1
984,2
985,1
986,1
987,2
988,2
989,2
990,2
991,1
992,2
993,2
994,2
995,1
996,1
997,2
998,1
999,2
1000,2
1001,1
1002,2
1003,2
1004,2
1005,2
1006,1
1007,2
1008,2
1009,2
1010,1
1011,1
1012,2
1013,1
1014,2
1015,2
1016,2
1017,2
1018,2
1019,2
1020,2
1021,2
1022,1
1023,1
1024,1
1025,1
1026,2
1027,2
1028,1
1029,2
1030,2
1031,1
1032,2
1033,2
1034,2
1035,2
1036,2
1037,2
1038,2
1039,2
1040,1
1041,2
1042,1
1043,2
1044,1
1045,1
1046,2
1047,1
1048,1
1049,2
1050,1
1051,1
1052,2
1053,2
1054,2
1055,2
1056,2
1057,2
1058,2
1059,1
1060,1
1061,1
1062,1
1063,2
1064,1
1065,1
1066,2
1067,2
1068,1
1069,1
1070,2
1071,2
1072,2
1073,2
1074,1
1075,2
1076,1
1077,2
1078,1
1079,4
1080,1
1081,1
1082,1
1083,2
1084,2
1085,2
1086,2
1087,1
1088,2
1089,2
1090,2
1091,2
1092,1
1093,2
1094,2
1095,1
1096,2
1097,2
1098,2
1099,2
1100,2
1101,1
1102,2
1103,1
1104,2
1105,2
1106,2
1107,1
1108,2
1109,1
1110,2
1111,2
1112,3
1113,2
1114,2
1115,1
1116,1
1117,1
1118,1
1119,2
1120,1
1121,1
1122,2
1123,1
1124,2
1125,1
1126,2
1127,1
1128,2
1129,2
1130,1
1131,2
1132,1
1133,2
1134,2
1135,1
1136,2
1137,1
1138,2
1139,2
1140,2
1141,2
1142,2
1143,1
1144,1
1145,2
1146,2
1147,2
1148,2
1149,2
1150,2
1151,2
1152,2
1153,2
1154,2
1155,1
1156,2
1157,2
1158,1
1159,1
1160,1
1161,1
1162,1
1163,2
1164,2
1165,1
1166,1
1167,1
1168,2
1169,2
1170,2
1171,2
1172,2
1173,2
1174,2
1175,1
1176,2
1177,2
1178,1
1179,1
1180,1
1181,2
1182,2
1183,2
1184,2
1185,2
1186,2
1187,2
1188,2
1189,2
1190,2
1191,2
1192,1
1193,2
1194,2
1195,2
1196,1
1197,2
1198,2
1199,2
1200,2
1201,1
1202,2
1203,2
1204,1
1205,1
1206,2
1207,2
1208,1
1209,2
1210,2
1211,2
1212,1
1213,1
1214,2
1215,2
1216,1
1217,2
1218,1
1219,2
1220,2
1221,2
1222,1
1223,2
1224,2
1225,2
1226,2
1227,1
1228,1
1229,2
1230,2
1231,2
1232,2
1233,2
1234,2
1235,1
1236,2
1237,2
1238,2
1239,2
1240,1
1241,1
1242,1
1243,2
1244,2
1245,1
1246,2
1247,1
1248,1
1249,1
1250,2
1251,2
1252,1
1253,2
1254,2
1255,1
1256,2
1257,2
1258,2
1259,2
1260,2
1261,1
1262,1
1263,1
1264,1
1265,4
1266,2
1267,2
1268,1
1269,2
1270,2
1271,2
1272,2
1273,1
1274,1
1275,2
1276,1
1277,1
1278,2
1279,2
1280,2
1281,2
1282,1
1283,2
1284,2
1285,2
1286,1
1287,2
1288,2
1289,1
1290,2
1291,2
1292,2
1293,2
1294,1
1295,2
1296,2
1297,2
1298,2
1299,1
1300,1
1301,1
1302,2
1303,2
1304,2
1305,1
1306,1
1307,2
1308,1
1309,2
1310,1
1311,2
1312,1
1313,2
1314,2
1315,2
1316,1
1317,1
1318,2
1319,1
1320,2
1321,1
1322,2
1323,2
1324,1
1325,2
1326,2
1327,1
1328,1
1329,2
1330,1
1331,2
1332,1
1333,1
1334,1
1335,2
1336,1
1337,2
1338,1
1339,2
1340,2
1341,2
1342,1
1343,1
1344,1
1345,1
1346,2
1347,2
1348,2
1349,1
1350,1
1351,1
1352,1
1353,2
1354,2
1355,2
1356,1
1357,1
1358,1
1359,1
1360,1
1361,2
1362,2
1363,1
1364,1
1365,2
1366,2
1367,1
1368,2
1369,2
1370,1
1371,2
1372,2
1373,2
1374,2
1375,2
1376,2
1377,1
1378,2
1379,2
1380,2
1381,1
1382,2
1383,2
1384,2
1385,2
1386,1
1387,2
1388,1
1389,2
1390,1
1391,1
1392,2
1393,1
1394,2
1395,2
1396,1
1397,1
1398,1
1399,2
1400,1
1401,1
1402,1
1403,2
1404,2
1405,1
1406,1
1407,1
1408,1
1409,2
1410,1
1411,2
1412,1
1413,1
1414,2
1415,1
1416,2
1417,1
1418,2
1419,1
1420,1
1421,1
1422,1
1423,2
1424,1
1425,2
1426,2
1427,1
1428,2
1429,1
1430,2
1431,2
1432,2
1433,1
1434,2
1435,1
1436,2
1437,1
1438,2
1439,1
1440,1
1441,1
1442,2
1443,2
1444,2
1445,2
1446,1
1447,1
1448,2
1449,1
1450,2
1451,2
1452,3
1453,1
1454,2
1455,2
1456,2
1457,2
1458,1
1459,1
1460,2
1461,1
1462,2
1463,1
1464,2
1465,1
1466,1
1467,2
1468,2
1469,2
1470,1
1471,1
1472,2
1473,1
1474,1
1475,2
1476,2
1477,1
1478,1
1479,2
1480,1
1481,1
1482,2
1483,1
1484,1
1485,1
1486,1
1487,1
1488,2
1489,1
1490,1
1491,1
1492,1
1493,2
1494,2
1495,2
1496,2
1497,1
1498,2
1499,2
1500,2
1501,2
1502,1
1503,1
1504,2
1505,1
1506,2
1507,1
1508,1
1509,2
1510,1
1511,2
1512,2
1513,2
1514,2
1515,1
1516,2
1517,1
1518,2
1519,1
1520,1
1521,1
1522,1
1523,1
1524,1
1525,1
1526,1
1527,2
1528,1
1529,1
1530,2
1531,2
1532,1
1533,2
1534,2
1535,2
1536,2
1537,1
1538,1
1539,1
1540,1
1541,1
1542,2
1543,1
1544,2
1545,2
1546,1
1547,2
1548,1
1549,2
1550,2
1551,1
1552,1
1553,1
1554,1
1555,1
1556,1
1557,2
1558,2
1559,2
1560,1
1561,2
1562,2
1563,2
1564,2
1565,2
1566,1
1567,2
1568,2
1569,2
1570,2
1571,2
1572,1
1573,1
1574,2
1575,2
1576,1
1577,2
1578,2
1579,1
1580,1
1581,2
1582,1
1583,1
1584,1
1585,2
1586,1
1587,1
1588,1
1589,2
1590,2
1591,1
1592,1
1593,1
1594,1
1595,2
1596,2
1597,2
1598,1
1599,2
1600,2
1601,1
1602,2
1603,2
1604,1
1605,2
1606,3
1607,2
1608,1
1609,2
1610,2
1611,2
1612,3
1613,1
1614,1
1615,3
1616,1
1617,1
1618,1
1619,2
1620,2
1621,2
1622,2
1623,2
1624,2
1625,1
1626,1
1627,2
1628,2
1629,1
1630,2
1631,1
1632,2
1633,1
1634,1
1635,2
1636,2
1637,2
1638,2
1639,2
1640,1
1641,1
1642,1
1643,1
1644,1
1645,1
1646,2
1647,2
1648,2
1649,2
1650,2
1651,1
1652,2
1653,1
1654,2
1655,2
1656,1
1657,1
1658,2
1659,1
1660,2
1661,2
1662,2
1663,2
1664,2
1665,1
1666,2
1667,1
1668,2
1669,2
1670,1
1671,1
1672,1
1673,1
1674,2
1675,1
1676,1
1677,1
1678,2
1679,2
1680,1
1681,1
1682,2
1683,2
1684,1
1685,2
1686,1
1687,2
1688,1
1689,1
1690,1
1691,1
1692,1
1693,3
1694,2
1695,2
1696,2
1697,1
1698,2
1699,2
1700,2
1701,2
1702,1
1703,2
1704,1
1705,2
1706,1
1707,2
1708,2
1709,2
1710,2
1711,2
1712,1
1713,2
1714,1
1715,2
1716,1
1717,2
1718,2
1719,1
1720,2
1721,1
1722,2
1723,2
1724,2
1725,1
1726,1
1727,2
1728,2
1729,1
1730,2
1731,1
1732,1
1733,1
1734,2
1735,2
1736,2
1737,1
1738,1
1739,2
1740,2
1741,1
1742,1
1743,4
1744,1
1745,2
1746,1
1747,2
1748,1
1749,1
1750,2
1751,1
1752,1
1753,1
1754,2
1755,1
1756,1
1757,1
1758,2
1759,2
1760,2
1761,1
1762,2
1763,1
1764,1
1765,2
1766,2
1767,2
1768,2
1769,1
1770,1
1771,2
1772,1
1773,2
1774,2
1775,2
1776,2
1777,2
1778,2
1779,2
1780,1
1781,1
1782,2
1783,1
1784,1
1785,2
1786,1
1787,1
1788,2
1789,1
1790,1
1791,2
1792,1
1793,2
1794,2
1795,2
1796,2
1797,1
1798,1
1799,2
1800,2
1801,2
1802,1
1803,1
1804,2
1805,2
1806,2
1807,2
1808,2
1809,1
1810,1
1811,1
1812,1
1813,2
1814,2
1815,2
1816,2
1817,1
1818,1
1819,1
1820,1
1821,2
1822,2
1823,2
1824,2
1825,2
1826,2
1827,2
1828,2
1829,2
1830,2
1831,1
1832,1
1833,1
1834,2
1835,2
1836,2
1837,2
1838,1
1839,2
1840,2
1841,1
1842,1
1843,1
1844,2
1845,2
1846,1
1847,2
1848,2
1849,1
1850,1
1851,2
1852,1
1853,1
1854,1
1855,2
1856,1
1857,1
1858,1
1859,2
1860,1
1861,2
1862,4
1863,2
1864,1
1865,2
1866,2
1867,1
1868,2
1869,1
1870,2
1871,1
1872,2
1873,1
1874,2
1875,2
1876,2
1877,2
1878,2
1879,2
1880,1
1881,2
1882,2
1883,2
1884,1
1885,2
1886,1
1887,1
1888,1
1889,2
1890,1
1891,2
1892,2
1893,2
1894,1
1895,2
1896,1
1897,1
1898,2
1899,1
1900,1
1901,1
1902,2
1903,2
1904,1
1905,2
1906,1
1907,2
1908,1
1909,2
1910,1
1911,2
1912,1
1913,2
1914,2
1915,2
1916,1
1917,2
1918,2
1919,1
1920,1
1921,1
1922,2
1923,1
1924,1
1925,2
1926,1
1927,2
1928,2
1929,1
1930,2
1931,2
1932,2
1933,1
1934,1
1935,2
1936,1
1937,2
1938,2
1939,1
1940,1
1941,1
1942,2
1943,1
1944,2
1945,2
1946,1
1947,2
1948,2
1949,2
1950,2
1951,2
1952,2
1953,1
1954,2
1955,2
1956,2
1957,1
1958,2
1959,2
1960,2
1961,2
1962,1
1963,2
1964,2
1965,2
1966,2
1967,2
1968,2
1969,2
1970,2
1971,2
1972,2
1973,2
1974,1
1975,2
1976,2
1977,1
1978,1
1979,1
1980,1
1981,1
1982,1
1983,1
1984,2
1985,1
1986,2
1987,1
1988,2
1989,1
1990,2
1991,1
1992,1
1993,2
1994,2
1995,2
1996,1
1997,2
1998,2
1999,2
2000,2
2001,2
2002,1
2003,1
2004,2
2005,1
2006,2
2007,1
2008,1
2009,1
2010,2
2011,2
2012,1
2013,1
2014,2
2015,2
2016,2
2017,1
2018,1
2019,2
2020,2
2021,2
2022,2
2023,1
2024,2
2025,2
2026,1
2027,1
2028,2
2029,2
2030,1
2031,1
2032,2
2033,1
2034,2
2035,1
2036,1
2037,2
2038,2
2039,2
2040,1
2041,2
2042,2
2043,1
2044,1
2045,2
2046,1
2047,1
2048,1
2049,2
2050,2
2051,1
2052,1
2053,2
2054,1
2055,1
2056,1
2057,2
2058,2
2059,1
2060,2
2061,2
2062,2
2063,2
2064,1
2065,2
2066,1
2067,1
2068,2
2069,1
2070,2
2071,1
2072,1
2073,1
2074,1
2075,1
2076,2
2077,1
2078,2
2079,1
2080,1
2081,2
2082,2
2083,2
2084,1
2085,2
2086,1
2087,2
2088,2
2089,2
2090,2
2091,1
2092,2
2093,1
2094,2
2095,2
2096,1
2097,2
2098,1
2099,2
2100,2
2101,1
2102,1
2103,2
2104,2
2105,2
2106,4
2107,1
2108,2
2109,2
2110,2
2111,1
2112,2
2113,1
2114,1
2115,2
2116,1
2117,2
2118,1
2119,1
2120,2
2121,2
2122,1
2123,2
2124,2
2125,1
2126,2
2127,2
2128,2
2129,1
2130,2
2131,1
2132,2
2133,2
2134,1
2135,1
2136,2
2137,1
2138,2
2139,1
2140,2
2141,2
2142,1
2143,2
2144,2
2145,1
2146,2
2147,1
2148,2
2149,2
2150,1
2151,1
2152,2
2153,1
2154,1
2155,1
2156,2
2157,1
2158,1
2159,1
2160,2
2161,2
2162,2
2163,2
2164,2
2165,1
2166,1
2167,1
2168,1
2169,2
2170,2
2171,1
2172,2
2173,1
2174,1
2175,1
2176,2
2177,2
2178,2
2179,2
2180,2
2181,1
2182,2
2183,2
2184,1
2185,2
2186,2
2187,2
2188,1
2189,1
2190,2
2191,1
2192,2
2193,1
2194,2
2195,2
2196,2
2197,2
2198,1
2199,1
2200,2
2201,1
2202,1
2203,2
2204,2
2205,4
2206,2
2207,2
2208,2
2209,1
2210,2
2211,2
2212,2
2213,2
2214,2
2215,1
2216,1
2217,1
2218,1
2219,1
2220,2
2221,1
2222,2
2223,1
2224,1
2225,1
2226,2
2227,2
2228,2
2229,1
2230,2
2231,2
2232,2
2233,1
2234,1
2235,1
2236,1
2237,1
2238,1
2239,2
2240,1
2241,2
2242,1
2243,2
2244,1
2245,1
2246,1
2247,1
2248,2
2249,2
2250,2
2251,1
2252,1
2253,1
2254,2
2255,2
2256,2
2257,2
2258,2
2259,2
2260,1
2261,2
2262,2
2263,2
2264,2
2265,1
2266,1
2267,2
2268,2
2269,1
2270,1
2271,1
2272,2
2273,1
2274,1
2275,2
2276,1
2277,1
2278,2
2279,1
2280,2
2281,1
2282,1
2283,1
2284,1
2285,2
2286,1
2287,2
2288,2
2289,1
2290,2
2291,1
2292,1
2293,1
2294,2
2295,2
2296,2
2297,2
2298,2
2299,2
2300,2
2301,2
2302,2
2303,1
2304,2
2305,1
2306,1
2307,1
2308,2
2309,2
2310,2
2311,2
2312,1
2313,1
2314,2
2315,1
2316,2
2317,1
2318,2
2319,2
2320,2
2321,2
2322,2
2323,2
2324,1
2325,1
2326,2
2327,1
2328,1
2329,2
2330,1
2331,2
2332,2
2333,2
2334,1
2335,2
2336,2
2337,2
2338,1
2339,2
2340,2
2341,2
2342,1
2343,2
2344,2
2345,1
2346,2
2347,1
2348,1
2349,1
2350,1
2351,2
2352,2
2353,2
2354,1
2355,1
2356,2
2357,2
2358,2
2359,2
2360,2
2361,2
2362,1
2363,2
2364,1
2365,2
2366,1
2367,2
2368,1
2369,2
2370,1
2371,2
2372,1
2373,1
2374,1
2375,2
2376,1
2377,1
2378,1
2379,1
2380,1
2381,2
2382,2
2383,2
2384,1
2385,2
2386,2
2387,1
2388,2
2389,1
2390,2
2391,2
2392,2
2393,2
2394,1
2395,1
2396,1
2397,1
2398,1
2399,2
2400,1
2401,1
2402,1
2403,1
2404,1
2405,1
2406,2
2407,1
2408,1
2409,1
2410,1
2411,1
2412,2
2413,2
2414,2
2415,2
2416,1
2417,1
2418,1
2419,1
2420,1
2421,1
2422,2
2423,2
2424,2
2425,2
2426,1
2427,2
2428,2
2429,2
2430,2
2431,2
2432,1
2433,2
2434,2
2435,1
2436,2
2437,1
2438,2
2439,1
2440,2
2441,2
2442,2
2443,2
2444,1
2445,1
2446,2
2447,2
2448,1
2449,1
2450,2
2451,1
2452,1
2453,2
2454,1
2455,1
2456,1
2457,1
2458,1
2459,2
2460,2
2461,2
2462,2
2463,2
2464,1
2465,2
2466,1
2467,2
2468,1
2469,1
2470,2
2471,1
2472,2
2473,1
2474,1
2475,2
2476,2
2477,2
2478,2
2479,1
2480,2
2481,2
2482,2
2483,1
2484,1
2485,1
2486,1
2487,2
2488,1
2489,2
2490,1
2491,2
2492,2
2493,1
2494,2
2495,1
2496,1
2497,2
2498,1
2499,2
2500,2
2501,1
2502,1
2503,2
2504,1
2505,2
2506,1
2507,1
2508,1
2509,2
2510,1
2511,2
2512,1
2513,1
2514,1
2515,1
2516,1
2517,2
2518,1
2519,1
2520,2
2521,1
2522,2
2523,2
2524,1
2525,2
2526,1
2527,1
2528,2
2529,2
2530,1
2531,2
2532,2
2533,2
2534,1
2535,2
2536,2
2537,2
2538,2
2539,1
2540,1
2541,1
2542,1
2543,2
2544,2
2545,1
2546,1
2547,2
2548,2
2549,2
2550,1
2551,2
2552,2
2553,2
2554,1
2555,2
2556,2
2557,1
2558,1
2559,1
2560,1
2561,2
2562,1
2563,2
2564,1
2565,2
2566,2
2567,1
2568,1
2569,1
2570,2
2571,1
2572,2
2573,2
2574,1
2575,2
2576,2
2577,2
2578,2
2579,2
2580,1
2581,2
2582,1
2583,1
2584,2
2585,1
2586,1
2587,1
2588,2
2589,2
2590,1
2591,2
2592,2
2593,1
2594,1
2595,1
2596,2
2597,2
2598,1
2599,2
2600,2
2601,1
2602,1
2603,2
2604,1
2605,1
2606,2
2607,1
2608,2
2609,2
2610,2
2611,1
2612,1
2613,1
2614,2
2615,1
2616,2
2617,1
2618,2
2619,1
2620,2
2621,1
2622,2
2623,1
2624,2
2625,1
2626,1
2627,1
2628,1
2629,2
2630,1
2631,2
2632,2
2633,2
2634,3
2635,1
2636,2
2637,2
2638,2
2639,1
2640,1
2641,2
2642,2
2643,1
2644,1
2645,1
2646,2
2647,4
2648,2
2649,1
2650,2
2651,2
2652,2
2653,2
2654,2
2655,1
2656,2
2657,2
2658,1
2659,2
2660,2
2661,1
2662,2
2663,2
2664,1
2665,1
2666,1
2667,2
2668,2
2669,2
2670,1
2671,2
2672,2
2673,1
2674,2
2675,1
2676,2
2677,2
2678,2
2679,2
2680,1
2681,1
2682,2
2683,1
2684,2
2685,2
2686,1
2687,2
2688,1
2689,2
2690,1
2691,2
2692,2
2693,1
2694,2
2695,2
2696,1
2697,1
2698,1
2699,2
2700,2
2701,2
2702,1
2703,1
2704,2
2705,2
2706,1
2707,2
2708,1
2709,2
2710,1
2711,2
2712,1
2713,1
2714,2
2715,1
2716,2
2717,2
2718,2
2719,1
2720,1
2721,1
2722,2
2723,2
2724,2
2725,2
2726,1
2727,2
2728,2
2729,2
2730,2
2731,1
2732,2
2733,2
2734,1
2735,2
2736,2
2737,1
2738,1
2739,2
2740,2
2741,1
2742,2
2743,1
2744,2
2745,1
2746,2
2747,1
2748,2
2749,1
2750,1
2751,1
2752,2
2753,1
2754,2
2755,1
2756,1
2757,1
2758,2
2759,2
2760,2
2761,2
2762,2
2763,2
2764,2
2765,1
2766,2
2767,1
2768,1
2769,2
2770,2
2771,2
2772,1
2773,1
2774,1
2775,2
2776,1
2777,4
2778,2
2779,1
2780,2
2781,2
2782,1
2783,1
2784,2
2785,1
2786,1
2787,1
2788,2
2789,1
2790,2
2791,2
2792,1
2793,2
2794,2
2795,2
2796,2
2797,2
2798,2
2799,2
2800,2
2801,2
2802,2
2803,1
2804,2
2805,1
2806,2
2807,1
2808,2
2809,1
2810,1
2811,2
2812,1
2813,2
2814,2
2815,1
2816,2
2817,1
2818,1
2819,1
2820,1
2821,2
2822,2
2823,2
2824,2
2825,1
2826,2
2827,2
2828,1
2829,1
2830,2
2831,1
2832,1
2833,1
2834,1
2835,2
2836,1
2837,1
2838,2
2839,2
2840,2
2841,1
2842,1
2843,1
2844,2
2845,1
2846,2
2847,2
2848,2
2849,2
2850,2
2851,1
2852,1
2853,2
2854,2
2855,1
2856,1
2857,2
2858,1
2859,2
2860,1
2861,2
2862,1
2863,1
2864,1
2865,1
2866,1
2867,1
2868,1
2869,2
2870,2
2871,1
2872,1
2873,2
2874,1
2875,1
2876,1
2877,1
2878,1
2879,1
2880,2
2881,2
2882,1
2883,1
2884,1
2885,1
2886,1
2887,2
2888,1
2889,2
2890,1
2891,1
2892,2
2893,1
2894,1
2895,2
2896,1
2897,2
2898,2
2899,2
2900,2
2901,1
2902,2
2903,1
2904,2
2905,2
2906,2
2907,2
2908,2
2909,1
2910,1
2911,2
2912,2
2913,2
2914,2
2915,2
2916,2
2917,2
2918,2
2919,2
2920,2
2921,1
2922,1
2923,2
2924,1
2925,2
2926,1
2927,2
2928,1
2929,1
2930,2
2931,2
2932,1
2933,1
2934,1
2935,2
2936,2
2937,2
2938,2
2939,1
2940,2
2941,1
2942,1
2943,2
2944,2
2945,1
2946,1
2947,1
2948,2
2949,2
2950,1
2951,2
2952,2
2953,1
2954,2
2955,2
2956,2
2957,2
2958,1
2959,2
2960,2
2961,1
2962,2
2963,3
2964,2
2965,1
2966,2
2967,1
2968,1
2969,1
2970,1
2971,1
2972,1
2973,2
2974,1
2975,2
2976,1
2977,2
2978,2
2979,1
2980,2
2981,2
2982,2
2983,1
2984,1
2985,1
2986,2
2987,1
2988,1
2989,1
2990,2
2991,2
2992,1
2993,1
2994,2
2995,2
2996,2
2997,2
2998,1
2999,2
3000,2
3001,1
3002,2
3003,2
3004,2
3005,2
3006,2
3007,2
3008,1
3009,1
3010,2
3011,2
3012,2
3013,1
3014,2
3015,2
3016,2
3017,1
3018,2
3019,2
3020,2
3021,1
3022,1
3023,1
3024,1
3025,2
3026,1
3027,2
3028,1
3029,1
3030,1
3031,2
3032,2
3033,1
3034,1
3035,2
3036,2
3037,2
3038,1
3039,2
3040,2
3041,3
3042,2
3043,1
3044,2
3045,1
3046,2
3047,2
3048,1
3049,2
3050,1
3051,1
3052,1
3053,2
3054,1
3055,2
3056,2
3057,2
3058,1
3059,1
3060,1
3061,2
3062,1
3063,1
3064,2
3065,2
3066,1
3067,1
3068,1
3069,2
3070,1
3071,1
3072,2
3073,1
3074,2
3075,1
3076,2
3077,1
3078,1
3079,2
3080,2
3081,2
3082,1
3083,2
3084,2
3085,2
3086,2
3087,2
3088,1
3089,1
3090,2
3091,2
3092,1
3093,1
3094,1
3095,1
3096,2
3097,4
3098,2
3099,2
3100,1
3101,2
3102,2
3103,1
3104,2
3105,2
3106,2
3107,2
3108,1
3109,1
3110,1
3111,2
3112,2
3113,1
3114,2
3115,1
3116,2
3117,1
3118,2
3119,2
3120,2
3121,2
3122,1
3123,2
3124,1
3125,2
3126,1
3127,1
3128,2
3129,1
3130,1
3131,2
3132,2
3133,2
3134,2
3135,2
3136,1
3137,2
3138,1
3139,2
3140,2
3141,2
3142,1
3143,1
3144,2
3145,2
3146,1
3147,2
3148,1
3149,2
3150,2
3151,1
3152,2
3153,2
3154,2
3155,2
3156,1
3157,2
3158,1
3159,2
3160,2
3161,1
3162,2
3163,1
3164,1
3165,2
3166,1
3167,2
3168,1
3169,2
3170,1
3171,2
3172,1
3173,2
3174,1
3175,2
3176,2
3177,1
3178,2
3179,2
3180,1
3181,2
3182,2
3183,2
3184,1
3185,2
3186,1
3187,1
3188,1
3189,1
3190,2
3191,2
3192,2
3193,1
3194,1
3195,2
3196,1
3197,1
3198,1
3199,2
3200,2
3201,1
3202,1
3203,2
3204,1
3205,2
3206,3
3207,2
3208,2
3209,2
3210,2
3211,2
3212,2
3213,1
3214,1
3215,2
3216,2
3217,1
3218,4
3219,1
3220,2
3221,2
3222,1
3223,1
3224,1
3225,2
3226,2
3227,2
3228,1
3229,1
3230,1
3231,1
3232,1
3233,2
3234,1
3235,1
3236,1
3237,1
3238,2
3239,2
3240,2
3241,1
3242,1
3243,2
3244,2
3245,2
3246,2
3247,2
3248,3
3249,2
3250,2
3251,2
3252,1
3253,1
3254,1
3255,2
3256,1
3257,1
3258,2
3259,1
3260,2
3261,1
3262,1
3263,2
3264,1
3265,2
3266,2
3267,2
3268,1
3269,2
3270,2
3271,1
3272,1
3273,2
3274,1
3275,2
3276,2
3277,2
3278,2
3279,2
3280,1
3281,1
3282,1
3283,2
3284,2
3285,1
3286,2
3287,1
3288,1
3289,1
3290,2
3291,1
3292,1
3293,2
3294,2
3295,2
3296,1
3297,2
3298,2
3299,2
3300,1
3301,1
3302,2
3303,1
3304,1
3305,1
3306,1
3307,1
3308,1
3309,1
3310,1
3311,1
3312,2
3313,2
3314,2
3315,2
3316,2
3317,2
3318,2
3319,1
3320,2
3321,1
3322,1
3323,1
3324,1
3325,1
3326,2
3327,2
3328,2
3329,1
3330,2
3331,2
3332,2
3333,2
3334,1
3335,2
3336,1
3337,1
3338,2
3339,2
3340,1
3341,2
3342,1
3343,2
3344,1
3345,2
3346,2
3347,1
3348,2
3349,2
3350,1
3351,2
3352,2
3353,2
3354,1
3355,1
3356,2
3357,1
3358,1
3359,2
3360,2
3361,2
3362,2
3363,1
3364,1
3365,2
3366,2
3367,2
3368,2
3369,1
3370,1
3371,2
3372,1
3373,2
3374,1
3375,1
3376,1
3377,2
3378,1
3379,2
3380,2
3381,2
3382,2
3383,1
3384,2
3385,1
3386,2
3387,1
3388,2
3389,2
3390,2
3391,1
3392,1
3393,2
3394,2
3395,4
3396,1
3397,1
3398,1
3399,3
3400,2
3401,2
3402,1
3403,1
3404,2
3405,2
3406,1
3407,1
3408,2
3409,2
3410,1
3411,2
3412,2
3413,2
3414,1
3415,1
3416,1
3417,1
3418,2
3419,1
3420,2
3421,1
3422,1
3423,2
3424,2
3425,2
3426,2
3427,2
3428,2
3429,2
3430,1
3431,2
3432,2
3433,2
3434,2
3435,2
3436,2
3437,2
3438,1
3439,2
3440,2
3441,1
3442,1
3443,2
3444,1
3445,1
3446,1
3447,2
3448,2
3449,1
3450,1
3451,1
3452,1
3453,2
3454,1
3455,1
3456,2
3457,1
3458,1
3459,2
3460,1
3461,1
3462,2
3463,2
3464,1
3465,1
3466,2
3467,1
3468,2
3469,1
3470,1
3471,1
3472,1
3473,1
3474,1
3475,2
3476,2
3477,1
3478,1
3479,2
3480,2
3481,2
3482,2
3483,2
3484,2
3485,2
3486,1
3487,2
3488,2
3489,1
3490,1
3491,2
3492,2
3493,2
3494,1
3495,1
3496,1
3497,2
3498,2
3499,1
3500,2
3501,2
3502,2
3503,2
3504,1
3505,2
3506,1
3507,1
3508,2
3509,2
3510,1
3511,2
3512,2
3513,1
3514,2
3515,1
3516,2
3517,2
3518,2
3519,2
3520,2
3521,2
3522,1
3523,1
3524,1
3525,2
3526,1
3527,1
3528,1
3529,1
3530,2
3531,2
3532,1
3533,1
3534,1
3535,1
3536,2
3537,2
3538,1
3539,1
3540,2
3541,1
3542,2
3543,1
3544,2
3545,1
3546,1
3547,2
3548,1
3549,2
3550,2
3551,2
3552,1
3553,2
3554,1
3555,2
3556,2
3557,2
3558,2
3559,2
3560,2
3561,2
3562,1
3563,1
3564,2
3565,1
3566,1
3567,2
3568,2
3569,1
3570,1
3571,2
3572,1
3573,2
3574,1
3575,2
3576,2
3577,1
3578,1
3579,2
3580,2
3581,1
3582,2
3583,2
3584,2
3585,1
3586,2
3587,2
3588,2
3589,1
3590,2
3591,2
3592,2
3593,2
3594,1
3595,2
3596,1
3597,1
3598,1
3599,2
3600,1
3601,1
3602,1
3603,1
3604,1
3605,1
3606,2
3607,1
3608,2
3609,2
3610,2
3611,1
3612,1
3613,2
3614,2
3615,2
3616,2
3617,2
3618,1
3619,2
3620,1
3621,2
3622,1
3623,1
3624,2
3625,1
3626,1
3627,1
3628,2
3629,1
3630,1
3631,1
3632,2
3633,1
3634,1
3635,2
3636,1
3637,2
3638,2
3639,2
3640,2
3641,2
3642,2
3643,2
3644,1
3645,1
3646,1
3647,1
3648,2
3649,1
3650,2
3651,2
3652,2
3653,1
3654,2
3655,1
3656,2
3657,2
3658,1
3659,1
3660,2
3661,1
3662,2
3663,2
3664,2
3665,1
3666,1
3667,1
3668,1
3669,2
3670,1
3671,1
3672,1
3673,1
3674,1
3675,2
3676,2
3677,1
3678,2
3679,1
3680,1
3681,1
3682,2
3683,2
3684,2
3685,1
3686,1
3687,2
3688,1
3689,2
3690,1
3691,1
3692,2
3693,2
3694,1
3695,2
3696,1
3697,1
3698,2
3699,2
3700,2
3701,1
3702,1
3703,2
3704,1
3705,1
3706,2
3707,2
3708,2
3709,2
3710,1
3711,1
3712,1
3713,1
3714,2
3715,2
3716,2
3717,1
3718,2
3719,2
3720,1
3721,1
3722,1
3723,2
3724,2
3725,1
3726,2
3727,1
3728,2
3729,2
3730,2
3731,1
3732,2
3733,2
3734,2
3735,2
3736,2
3737,1
3738,1
3739,1
3740,1
3741,1
3742,1
3743,2
3744,2
3745,1
3746,2
3747,1
3748,2
3749,2
3750,2
3751,2
3752,1
3753,2
3754,2
3755,1
3756,1
3757,1
3758,2
3759,2
3760,2
3761,1
3762,2
3763,1
3764,1
3765,2
3766,1
3767,2
3768,1
3769,2
3770,1
3771,1
3772,1
3773,1
3774,1
3775,2
3776,1
3777,1
3778,2
3779,2
3780,2
3781,1
3782,1
3783,2
3784,1
3785,1
3786,2
3787,1
3788,2
3789,1
3790,1
3791,2
3792,1
3793,1
3794,1
3795,2
3796,2
3797,2
3798,2
3799,1
3800,1
3801,1
3802,1
3803,2
3804,1
3805,2
3806,1
3807,1
3808,1
3809,2
3810,2
3811,1
3812,1
3813,1
3814,2
3815,2
3816,2
3817,2
3818,2
3819,1
3820,1
3821,2
3822,2
3823,2
3824,2
3825,2
3826,2
3827,1
3828,2
3829,2
3830,2
3831,2
3832,1
3833,2
3834,1
3835,2
3836,1
3837,2
3838,1
3839,1
3840,2
3841,2
3842,2
3843,1
3844,2
3845,2
3846,2
3847,2
3848,1
3849,1
3850,1
3851,2
3852,1
3853,2
3854,2
3855,1
3856,1
3857,2
3858,1
3859,1
3860,2
3861,2
3862,2
3863,2
3864,2
3865,2
3866,2
3867,1
3868,1
3869,1
3870,1
3871,1
3872,2
3873,2
3874,2
3875,2
3876,1
3877,2
3878,2
3879,1
3880,2
3881,2
3882,1
3883,1
3884,2
3885,2
3886,2
3887,1
3888,1
3889,2
3890,1
3891,1
3892,2
3893,1
3894,2
3895,2
3896,1
3897,1
3898,1
3899,1
3900,2
3901,1
3902,2
3903,2
3904,1
3905,1
3906,2
3907,2
3908,2
3909,2
3910,1
3911,1
3912,1
3913,2
3914,2
3915,1
3916,1
3917,1
3918,1
3919,2
3920,2
3921,4
3922,2
3923,1
3924,1
3925,2
3926,2
3927,2
3928,2
3929,1
3930,1
3931,1
3932,2
3933,1
3934,1
3935,1
3936,1
3937,1
3938,1
3939,1
3940,2
3941,2
3942,2
3943,1
3944,1
3945,4
3946,2
3947,2
3948,2
3949,1
3950,2
3951,2
3952,1
3953,2
3954,2
3955,1
3956,1
3957,2
3958,2
3959,2
3960,3
3961,1
3962,2
3963,1
3964,2
3965,2
3966,1
3967,1
3968,1
3969,2
3970,1
3971,2
3972,1
3973,2
3974,1
3975,1
3976,1
3977,1
3978,1
3979,2
3980,1
3981,3
3982,2
3983,1
3984,1
3985,2
3986,2
3987,1
3988,2
3989,1
3990,1
3991,2
3992,2
3993,2
3994,1
3995,1
3996,1
3997,2
3998,2
3999,1
4000,2
4001,1
4002,1
4003,2
4004,2
4005,1
4006,2
4007,2
4008,2
4009,2
4010,1
4011,1
4012,1
4013,2
4014,2
4015,1
4016,1
4017,1
4018,2
4019,2
4020,1
4021,1
4022,1
4023,1
4024,1
4025,1
4026,1
4027,1
4028,2
4029,1
4030,1
4031,1
4032,2
4033,1
4034,1
4035,1
4036,2
4037,2
4038,2
4039,1
4040,2
4041,2
4042,1
4043,2
4044,2
4045,2
4046,2
4047,1
4048,1
4049,1
4050,2
4051,2
4052,2
4053,1
4054,1
4055,2
4056,2
4057,1
4058,2
4059,2
4060,2
4061,1
4062,2
4063,1
4064,1
4065,2
4066,2
4067,1
4068,1
4069,2
4070,1
4071,2
4072,1
4073,1
4074,1
4075,2
4076,2
4077,1
4078,2
4079,2
4080,1
4081,1
4082,2
4083,1
4084,1
4085,1
4086,1
4087,2
4088,2
4089,1
4090,1
4091,2
4092,1
4093,1
4094,2
4095,3
4096,2
4097,2
4098,2
4099,1
4100,1
4101,1
4102,1
4103,1
4104,1
4105,2
4106,2
4107,1
4108,1
4109,1
4110,2
4111,1
4112,1
4113,1
4114,2
4115,1
4116,2
4117,1
4118,1
4119,2
4120,2
4121,1
4122,2
4123,1
4124,2
4125,2
4126,2
4127,2
4128,1
4129,2
4130,2
4131,2
4132,1
4133,1
4134,1
4135,1
4136,2
4137,2
4138,2
4139,2
4140,1
4141,2
4142,2
4143,1
4144,1
4145,1
4146,2
4147,2
4148,1
4149,2
4150,1
4151,2
4152,2
4153,2
4154,1
4155,2
4156,1
4157,1
4158,1
4159,2
4160,1
4161,1
4162,1
4163,2
4164,2
4165,1
4166,1
4167,2
4168,2
4169,2
4170,2
4171,2
4172,1
4173,2
4174,1
4175,1
4176,2
4177,2
4178,2
4179,2
4180,2
4181,1
4182,2
4183,2
4184,2
4185,2
4186,1
4187,2
4188,1
4189,2
4190,2
4191,2
4192,1
4193,2
4194,2
4195,1
4196,2
4197,1
4198,2
4199,1
4200,2
4201,2
4202,2
4203,2
4204,1
4205,1
4206,1
4207,1
4208,2
4209,1
4210,1
4211,2
4212,2
4213,1
4214,1
4215,1
4216,2
4217,2
4218,2
4219,1
4220,2
4221,2
4222,2
4223,1
4224,2
4225,1
4226,1
4227,1
4228,1
4229,2
4230,1
4231,1
4232,2
4233,2
4234,2
4235,2
4236,1
4237,2
4238,3
4239,2
4240,2
4241,1
4242,2
4243,2
4244,2
4245,1
4246,2
4247,1
4248,2
4249,2
4250,2
4251,2
4252,2
4253,1
4254,2
4255,2
4256,1
4257,2
4258,1
4259,2
4260,1
4261,2
4262,2
4263,1
4264,1
4265,1
4266,2
4267,2
4268,1
4269,1
4270,1
4271,2
4272,2
4273,1
4274,2
4275,1
4276,1
4277,2
4278,2
4279,2
4280,1
4281,2
4282,1
4283,1
4284,2
4285,1
4286,2
4287,2
4288,1
4289,2
4290,2
4291,2
4292,1
4293,1
4294,1
4295,2
4296,2
4297,1
4298,2
4299,2
4300,2
4301,1
4302,2
4303,2
4304,2
4305,1
4306,1
4307,2
4308,2
4309,2
4310,1
4311,1
4312,2
4313,1
4314,2
4315,2
4316,2
4317,1
4318,1
4319,2
4320,2
4321,2
4322,1
4323,2
4324,1
4325,1
4326,2
4327,2
4328,1
4329,2
4330,1
4331,1
4332,1
4333,1
4334,2
4335,1
4336,1
4337,1
4338,1
4339,2
4340,1
4341,1
4342,1
4343,2
4344,2
4345,2
4346,1
4347,1
4348,1
4349,1
4350,1
4351,1
4352,2
4353,2
4354,1
4355,1
4356,1
4357,2
4358,1
4359,2
4360,1
4361,1
4362,1
4363,1
4364,1
4365,2
4366,2
4367,2
4368,1
4369,1
4370,2
4371,2
4372,1
4373,2
4374,2
4375,2
4376,1
4377,1
4378,2
4379,2
4380,1
4381,2
4382,1
4383,2
4384,1
4385,2
4386,2
4387,1
4388,1
4389,1
4390,1
4391,1
4392,2
4393,2
4394,1
4395,1
4396,2
4397,2
4398,2
4399,2
4400,1
4401,2
4402,2
4403,2
4404,1
4405,4
4406,1
4407,1
4408,2
4409,1
4410,1
4411,2
4412,2
4413,1
4414,2
4415,2
4416,1
4417,2
4418,1
4419,2
4420,1
4421,2
4422,2
4423,2
4424,1
4425,1
4426,2
4427,2
4428,2
4429,1
4430,2
4431,2
4432,2
4433,2
4434,2
4435,2
4436,2
4437,2
4438,2
4439,2
4440,2
4441,1
4442,2
4443,2
4444,1
4445,1
4446,2
4447,1
4448,1
4449,1
4450,1
4451,1
4452,1
4453,1
4454,1
4455,2
4456,1
4457,2
4458,2
4459,2
4460,1
4461,2
4462,2
4463,2
4464,1
4465,2
4466,1
4467,2
4468,2
4469,2
4470,2
4471,2
4472,1
4473,2
4474,2
4475,1
4476,2
4477,1
4478,2
4479,1
4480,1
4481,1
4482,2
4483,2
4484,1
4485,1
4486,1
4487,2
4488,2
4489,2
4490,2
4491,1
4492,2
4493,2
4494,1
4495,1
4496,2
4497,1
4498,2
4499,1
4500,2
4501,1
4502,2
4503,2
4504,1
4505,1
4506,1
4507,2
4508,2
4509,1
4510,2
4511,2
4512,2
4513,2
4514,1
4515,1
4516,2
4517,1
4518,1
4519,1
4520,2
4521,2
4522,1
4523,1
4524,4
4525,2
4526,1
4527,1
4528,1
4529,1
4530,2
4531,1
4532,1
4533,1
4534,2
4535,1
4536,2
4537,1
4538,1
4539,2
4540,2
4541,1
4542,2
4543,1
4544,2
4545,2
4546,1
4547,1
4548,1
4549,1
4550,2
4551,2
4552,1
4553,1
4554,1
4555,1
4556,2
4557,1
4558,2
4559,1
4560,2
4561,1
4562,2
4563,1
4564,1
4565,2
4566,1
4567,2
4568,2
4569,1
4570,2
4571,2
4572,2
4573,2
4574,2
4575,1
4576,1
4577,2
4578,1
4579,2
4580,2
4581,1
4582,1
4583,2
4584,1
4585,2
4586,1
4587,2
4588,2
4589,2
4590,1
4591,1
4592,1
4593,2
4594,1
4595,2
4596,1
4597,1
4598,1
4599,1
4600,1
4601,1
4602,2
4603,1
4604,1
4605,1
4606,2
4607,2
4608,2
4609,2
4610,2
4611,2
4612,1
4613,2
4614,1
4615,1
4616,2
4617,1
4618,2
4619,2
4620,2
4621,2
4622,1
4623,2
4624,1
4625,2
4626,2
4627,1
4628,1
4629,1
4630,1
4631,1
4632,1
4633,1
4634,1
4635,2
4636,1
4637,2
4638,2
4639,2
4640,2
4641,1
4642,2
4643,2
4644,1
4645,1
4646,1
4647,2
4648,2
4649,1
4650,2
4651,2
4652,1
4653,1
4654,1
4655,1
4656,2
4657,1
4658,2
4659,2
4660,1
4661,1
4662,2
4663,2
4664,1
4665,2
4666,1
4667,2
4668,1
4669,2
4670,2
4671,1
4672,2
4673,1
4674,2
4675,2
4676,2
4677,1
4678,2
4679,1
4680,1
4681,2
4682,2
4683,1
4684,1
4685,2
4686,1
4687,1
4688,2
4689,1
4690,2
4691,2
4692,1
4693,2
4694,1
4695,2
4696,1
4697,1
4698,2
4699,1
4700,2
4701,1
4702,2
4703,1
4704,1
4705,1
4706,1
4707,2
4708,1
4709,1
4710,2
4711,1
4712,2
4713,2
4714,2
4715,2
4716,2
4717,2
4718,2
4719,1
4720,1
4721,2
4722,1
4723,1
4724,2
4725,1
4726,1
4727,1
4728,2
4729,2
4730,2
4731,2
4732,1
4733,1
4734,1
4735,1
4736,2
4737,2
4738,1
4739,1
4740,2
4741,1
4742,2
4743,2
4744,1
4745,1
4746,1
4747,1
4748,2
4749,1
4750,2
4751,2
4752,2
4753,2
4754,1
4755,2
4756,1
4757,1
4758,1
4759,2
4760,1
4761,1
4762,2
4763,2
4764,1
4765,2
4766,2
4767,2
4768,1
4769,1
4770,1
4771,2
4772,2
4773,1
4774,2
4775,2
4776,2
4777,2
4778,2
4779,2
4780,2
4781,2
4782,1
4783,1
4784,2
4785,1
4786,1
4787,1
4788,2
4789,1
4790,1
4791,1
4792,2
4793,2
4794,2
4795,2
4796,2
4797,1
4798,2
4799,1
4800,1
4801,1
4802,2
4803,2
4804,1
4805,2
4806,2
4807,2
4808,1
4809,1
4810,2
4811,1
4812,2
4813,2
4814,1
4815,1
4816,2
4817,1
4818,1
4819,2
4820,1
4821,1
4822,1
4823,2
4824,1
4825,2
4826,2
4827,1
4828,2
4829,2
4830,1
4831,2
4832,1
4833,2
4834,2
4835,1
4836,1
4837,2
4838,1
4839,1
4840,2
4841,1
4842,2
4843,2
4844,1
4845,2
4846,1
4847,2
4848,2
4849,1
4850,2
4851,2
4852,1
4853,1
4854,2
4855,1
4856,2
4857,2
4858,1
4859,2
4860,1
4861,1
4862,2
4863,1
4864,2
4865,2
4866,1
4867,2
4868,2
4869,2
4870,2
4871,2
4872,1
4873,1
4874,1
4875,1
4876,2
4877,1
4878,2
4879,2
4880,1
4881,2
4882,2
4883,1
4884,2
4885,1
4886,1
4887,2
4888,2
4889,1
4890,1
4891,2
4892,1
4893,1
4894,1
4895,2
4896,1
4897,2
4898,1
4899,2
4900,2
4901,2
4902,2
4903,2
4904,1
4905,2
4906,2
4907,2
4908,2
4909,2
4910,1
4911,2
4912,2
4913,2
4914,2
4915,2
4916,2
4917,1
4918,1
4919,2
4920,2
4921,2
4922,1
4923,2
4924,1
4925,2
4926,2
4927,2
4928,2
4929,2
4930,1
4931,1
4932,2
4933,2
4934,4
4935,1
4936,1
4937,2
4938,1
4939,1
4940,2
4941,1
4942,2
4943,1
4944,2
4945,1
4946,1
4947,2
4948,2
4949,1
4950,2
4951,2
4952,1
4953,2
4954,1
4955,1
4956,2
4957,1
4958,2
4959,2
4960,1
4961,1
4962,2
4963,2
4964,1
4965,2
4966,2
4967,1
4968,1
4969,2
4970,2
4971,1
4972,2
4973,1
4974,2
4975,2
4976,1
4977,2
4978,2
4979,2
4980,2
4981,1
4982,2
4983,2
4984,1
4985,1
4986,1
4987,1
4988,2
4989,2
4990,1
4991,1
4992,2
4993,2
4994,2
4995,1
4996,1
4997,2
4998,1
4999,2
5000,2
5001,1
5002,2
5003,1
5004,1
5005,2
5006,2
5007,2
5008,1
5009,2
5010,1
5011,2
5012,2
5013,1
5014,2
5015,2
5016,1
5017,1
5018,2
5019,1
5020,2
5021,2
5022,2
5023,2
5024,1
5025,1
5026,2
5027,2
5028,2
5029,2
5030,2
5031,2
5032,2
5033,2
5034,1
5035,2
5036,1
5037,1
5038,1
5039,2
5040,1
5041,2
5042,2
5043,1
5044,2
5045,2
5046,1
5047,2
5048,2
5049,1
5050,1
5051,1
5052,1
5053,1
5054,2
5055,1
5056,1
5057,1
5058,1
5059,2
5060,1
5061,2
5062,1
5063,2
5064,2
5065,1
5066,2
5067,2
5068,1
5069,1
5070,1
5071,2
5072,1
5073,1
5074,2
5075,2
5076,2
5077,2
5078,1
5079,1
5080,2
5081,2
5082,1
5083,1
5084,2
5085,1
5086,2
5087,2
5088,1
5089,1
5090,2
5091,2
5092,1
5093,1
5094,1
5095,1
5096,1
5097,1
5098,1
5099,2
5100,1
5101,2
5102,2
5103,2
5104,1
5105,1
5106,1
5107,2
5108,2
5109,2
5110,2
5111,2
5112,1
5113,2
5114,2
5115,2
5116,2
5117,1
5118,1
5119,2
5120,2
5121,2
5122,1
5123,2
5124,1
5125,1
5126,2
5127,2
5128,2
5129,2
5130,2
5131,1
5132,1
5133,1
5134,2
5135,1
5136,2
5137,2
5138,2
5139,2
5140,2
5141,1
5142,1
5143,2
5144,1
5145,1
5146,1
5147,2
5148,1
5149,2
5150,2
5151,1
5152,2
5153,1
5154,2
5155,1
5156,1
5157,1
5158,1
5159,1
5160,1
5161,2
5162,2
5163,2
5164,1
5165,2
5166,1
5167,2
5168,1
5169,1
5170,2
5171,2
5172,1
5173,2
5174,2
5175,1
5176,1
5177,2
5178,1
5179,2
5180,1
5181,2
5182,1
5183,2
5184,1
5185,2
5186,1
5187,2
5188,1
5189,1
5190,2
5191,2
5192,1
5193,1
5194,2
5195,1
5196,2
5197,1
5198,1
5199,2
5200,1
5201,1
5202,2
5203,2
5204,2
5205,2
5206,1
5207,2
5208,3
5209,1
5210,2
5211,1
5212,1
5213,1
5214,1
5215,2
5216,2
5217,2
5218,1
5219,2
5220,2
5221,1
5222,2
5223,2
5224,1
5225,1
5226,1
5227,2
5228,2
5229,2
5230,1
5231,1
5232,2
5233,1
5234,2
5235,2
5236,3
5237,2
5238,2
5239,1
5240,1
5241,1
5242,1
5243,2
5244,1
5245,2
5246,1
5247,2
5248,2
5249,1
5250,2
5251,2
5252,1
5253,1
5254,1
5255,1
5256,1
5257,1
5258,1
5259,2
5260,1
5261,1
5262,1
5263,1
5264,1
5265,1
5266,1
5267,2
5268,1
5269,1
5270,1
5271,2
5272,2
5273,1
5274,2
5275,1
5276,2
5277,2
5278,2
5279,2
5280,2
5281,1
5282,2
5283,2
5284,2
5285,2
5286,1
5287,1
5288,1
5289,2
5290,2
5291,2
5292,2
5293,2
5294,2
5295,1
5296,2
5297,2
5298,1
5299,2
5300,2
5301,2
5302,2
5303,2
5304,1
5305,2
5306,2
5307,1
5308,2
5309,3
5310,2
5311,1
5312,2
5313,1
5314,1
5315,1
5316,1
5317,2
5318,2
5319,2
5320,2
5321,1
5322,2
5323,1
5324,1
5325,1
5326,2
5327,2
5328,2
5329,1
5330,2
5331,2
5332,2
5333,2
5334,2
5335,1
5336,2
5337,1
5338,2
5339,1
5340,2
5341,2
5342,1
5343,2
5344,4
5345,2
5346,2
5347,2
5348,1
5349,2
5350,1
5351,2
5352,1
5353,2
5354,2
5355,1
5356,1
5357,1
5358,2
5359,1
5360,2
5361,1
5362,2
5363,1
5364,1
5365,1
5366,1
5367,1
5368,2
5369,1
5370,2
5371,2
5372,1
5373,1
5374,2
5375,1
5376,2
5377,2
5378,3
5379,2
5380,2
5381,2
5382,1
5383,1
5384,2
5385,2
5386,2
5387,2
5388,2
5389,2
5390,1
5391,2
5392,2
5393,1
5394,1
5395,1
5396,1
5397,1
5398,1
5399,1
5400,2
5401,2
5402,1
5403,2
5404,1
5405,1
5406,2
5407,2
5408,1
5409,1
5410,2
5411,1
5412,2
5413,2
5414,1
5415,1
5416,1
5417,1
5418,2
5419,2
5420,1
5421,2
5422,1
5423,1
5424,1
5425,1
5426,1
5427,2
5428,1
5429,1
5430,2
5431,1
5432,2
5433,2
5434,2
5435,2
5436,1
5437,2
5438,2
5439,2
5440,2
5441,1
5442,1
5443,1
5444,1
5445,2
5446,1
5447,1
5448,1
5449,2
5450,2
5451,1
5452,1
5453,2
5454,1
5455,1
5456,1
5457,2
5458,1
5459,1
5460,2
5461,1
5462,2
5463,2
5464,1
5465,1
5466,1
5467,1
5468,2
5469,1
5470,1
5471,1
5472,2
5473,2
5474,2
5475,2
5476,1
5477,2
5478,1
5479,1
5480,2
5481,1
5482,2
5483,1
5484,1
5485,2
5486,1
5487,1
5488,2
5489,1
5490,1
5491,2
5492,2
5493,2
5494,2
5495,1
5496,2
5497,2
5498,1
5499,1
5500,2
5501,2
5502,2
5503,2
5504,1
5505,2
5506,2
5507,1
5508,1
5509,1
5510,2
5511,2
5512,1
5513,1
5514,1
5515,2
5516,2
5517,2
5518,1
5519,1
5520,1
5521,1
5522,2
5523,2
5524,1
5525,2
5526,2
5527,1
5528,2
5529,1
5530,1
5531,1
5532,2
5533,2
5534,1
5535,2
5536,1
5537,2
5538,1
5539,2
5540,2
5541,2
5542,2
5543,2
5544,2
5545,1
5546,1
5547,2
5548,2
5549,2
5550,1
5551,2
5552,1
5553,1
5554,2
5555,2
5556,1
5557,1
5558,2
5559,1
5560,1
5561,2
5562,2
5563,1
5564,2
5565,1
5566,1
5567,1
5568,2
5569,1
5570,1
5571,1
5572,1
5573,1
5574,1
5575,1
5576,1
5577,1
5578,2
5579,1
5580,1
5581,1
5582,1
5583,2
5584,1
5585,1
5586,1
5587,2
5588,1
5589,1
5590,2
5591,1
5592,1
5593,1
5594,2
5595,2
5596,1
5597,1
5598,2
5599,2
5600,1
5601,1
5602,2
5603,1
5604,1
5605,1
5606,1
5607,1
5608,1
5609,2
5610,2
5611,1
5612,2
5613,1
5614,2
5615,1
5616,1
5617,2
5618,1
5619,2
5620,2
5621,1
5622,2
5623,1
5624,1
5625,2
5626,2
5627,2
5628,2
5629,2
5630,1
5631,1
5632,1
5633,2
5634,2
5635,2
5636,1
5637,2
5638,1
5639,2
5640,1
5641,1
5642,1
5643,2
5644,2
5645,2
5646,2
5647,1
5648,1
5649,1
5650,2
5651,2
5652,2
5653,2
5654,2
5655,2
5656,1
5657,2
5658,1
5659,1
5660,1
5661,2
5662,2
5663,1
5664,2
5665,2
5666,2
5667,1
5668,1
5669,2
5670,2
5671,2
5672,2
5673,2
5674,1
5675,1
5676,1
5677,2
5678,1
5679,1
5680,2
5681,1
5682,2
5683,1
5684,2
5685,1
5686,1
5687,1
5688,2
5689,1
5690,2
5691,1
5692,1
5693,1
5694,2
5695,1
5696,1
5697,2
5698,1
5699,2
5700,2
5701,1
5702,2
5703,2
5704,1
5705,1
5706,2
5707,2
5708,1
5709,1
5710,3
5711,2
5712,1
5713,2
5714,1
5715,1
5716,2
5717,1
5718,1
5719,1
5720,1
5721,2
5722,2
5723,2
5724,2
5725,1
5726,1
5727,1
5728,2
5729,1
5730,1
5731,4
5732,1
5733,1
5734,1
5735,2
5736,2
5737,2
5738,2
5739,1
5740,2
5741,2
5742,2
5743,1
5744,2
5745,1
5746,2
5747,2
5748,1
5749,1
5750,2
5751,2
5752,2
5753,2
5754,2
5755,1
5756,1
5757,1
5758,2
5759,1
5760,2
5761,2
5762,1
5763,1
5764,2
5765,1
5766,2
5767,2
5768,1
5769,1
5770,2
5771,1
5772,1
5773,1
5774,1
5775,1
5776,2
5777,2
5778,1
5779,1
5780,2
5781,1
5782,1
5783,2
5784,1
5785,2
5786,2
5787,1
5788,2
5789,1
5790,2
5791,2
5792,1
5793,1
5794,2
5795,1
5796,2
5797,1
5798,2
5799,2
5800,2
5801,1
5802,2
5803,1
5804,2
5805,1
5806,2
5807,1
5808,1
5809,1
5810,2
5811,2
5812,2
5813,1
5814,2
5815,1
5816,1
5817,1
5818,1
5819,2
5820,2
5821,1
5822,2
5823,1
5824,2
5825,1
5826,1
5827,2
5828,1
5829,2
5830,1
5831,2
5832,2
5833,2
5834,2
5835,1
5836,1
5837,1
5838,2
5839,2
5840,2
5841,2
5842,2
5843,2
5844,1
5845,1
5846,2
5847,1
5848,2
5849,1
5850,2
5851,1
5852,2
5853,2
5854,2
5855,2
5856,1
5857,2
5858,1
5859,2
5860,2
5861,2
5862,1
5863,1
5864,1
5865,2
5866,2
5867,2
5868,2
5869,1
5870,1
5871,1
5872,1
5873,1
5874,2
5875,1
5876,2
5877,1
5878,2
5879,1
5880,2
5881,1
5882,2
5883,2
5884,2
5885,1
5886,1
5887,2
5888,1
5889,2
5890,1
5891,2
5892,2
5893,1
5894,1
5895,1
5896,1
5897,1
5898,2
5899,2
5900,3
5901,2
5902,2
5903,1
5904,1
5905,2
5906,1
5907,1
5908,1
5909,1
5910,4
5911,1
5912,1
5913,2
5914,1
5915,2
5916,1
5917,2
5918,2
5919,1
5920,1
5921,1
5922,2
5923,1
5924,1
5925,4
5926,1
5927,2
5928,2
5929,1
5930,2
5931,2
5932,2
5933,1
5934,2
5935,1
5936,1
5937,2
5938,2
5939,2
5940,1
5941,1
5942,2
5943,1
5944,2
5945,1
5946,2
5947,1
5948,2
5949,2
5950,2
5951,1
5952,1
5953,2
5954,1
5955,1
5956,1
5957,2
5958,2
5959,2
5960,2
5961,1
5962,2
5963,1
5964,1
5965,2
5966,1
5967,2
5968,2
5969,1
5970,3
5971,2
5972,1
5973,1
5974,1
5975,2
5976,2
5977,2
5978,1
5979,1
5980,2
5981,2
5982,2
5983,1
5984,2
5985,1
5986,1
5987,1
5988,1
5989,1
5990,1
5991,1
5992,1
5993,2
5994,1
5995,2
5996,2
5997,2
5998,2
5999,2
6000,2
6001,2
6002,1
6003,1
6004,1
6005,2
6006,2
6007,2
6008,2
6009,1
6010,1
6011,2
6012,1
6013,1
6014,2
6015,2
6016,1
6017,2
6018,2
6019,1
6020,1
6021,1
6022,1
6023,2
6024,2
6025,2
6026,2
6027,2
6028,1
6029,2
6030,2
6031,1
6032,2
6033,2
6034,2
6035,2
6036,1
6037,2
6038,1
6039,2
6040,2
6041,1
6042,2
6043,2
6044,1
6045,1
6046,2
6047,2
6048,2
6049,2
6050,2
6051,2
6052,1
6053,1
6054,2
6055,1
6056,2
6057,1
6058,2
6059,1
6060,2
6061,1
6062,2
6063,1
6064,1
6065,1
6066,2
6067,2
6068,1
6069,2
6070,2
6071,1
6072,2
6073,1
6074,1
6075,2
6076,1
6077,2
6078,1
6079,1
6080,2
6081,2
6082,2
6083,1
6084,2
6085,2
6086,1
6087,1
6088,2
6089,2
6090,1
6091,2
6092,1
6093,1
6094,2
6095,1
6096,1
6097,2
6098,2
6099,2
6100,2
6101,1
6102,1
6103,1
6104,1
6105,2
6106,2
6107,2
6108,2
6109,1
6110,1
6111,1
6112,1
6113,2
6114,1
6115,1
6116,1
6117,2
6118,1
6119,1
6120,2
6121,2
6122,1
6123,1
6124,1
6125,2
6126,2
6127,1
6128,2
6129,1
6130,1
6131,2
6132,2
6133,1
6134,1
6135,1
6136,2
6137,1
6138,1
6139,2
6140,1
6141,1
6142,2
6143,1
6144,1
6145,1
6146,2
6147,2
6148,1
6149,1
6150,2
6151,2
6152,1
6153,2
6154,1
6155,2
6156,2
6157,2
6158,1
6159,1
6160,1
6161,1
6162,1
6163,2
6164,2
6165,1
6166,2
6167,1
6168,1
6169,2
6170,1
6171,2
6172,2
6173,1
6174,1
6175,2
6176,1
6177,2
6178,2
6179,2
6180,1
6181,1
6182,1
6183,1
6184,1
6185,2
6186,1
6187,1
6188,1
6189,1
6190,2
6191,2
6192,1
6193,2
6194,1
6195,2
6196,1
6197,1
6198,2
6199,1
6200,2
6201,1
6202,1
6203,1
6204,2
6205,1
6206,2
6207,1
6208,2
6209,1
6210,2
6211,1
6212,1
6213,2
6214,1
6215,1
6216,1
6217,3
6218,2
6219,2
6220,2
6221,1
6222,1
6223,1
6224,2
6225,1
6226,2
6227,1
6228,1
6229,2
6230,2
6231,1
6232,1
6233,2
6234,2
6235,2
6236,2
6237,2
6238,2
6239,2
6240,1
6241,2
6242,1
6243,1
6244,2
6245,2
6246,1
6247,2
6248,1
6249,1
6250,2
6251,1
6252,1
6253,1
6254,2
6255,1
6256,1
6257,1
6258,2
6259,2
6260,1
6261,2
6262,2
6263,2
6264,1
6265,2
6266,1
6267,2
6268,1
6269,1
6270,1
6271,1
6272,1
6273,3
6274,1
6275,2
6276,2
6277,2
6278,1
6279,1
6280,1
6281,1
6282,2
6283,2
6284,1
6285,1
6286,2
6287,2
6288,2
6289,1
6290,1
6291,1
6292,2
6293,2
6294,2
6295,2
6296,1
6297,1
6298,2
6299,2
6300,2
6301,1
6302,1
6303,2
6304,1
6305,1
6306,3
6307,1
6308,1
6309,1
6310,1
6311,2
6312,2
6313,1
6314,1
6315,1
6316,2
6317,2
6318,1
6319,1
6320,2
6321,1
6322,1
6323,2
6324,1
6325,2
6326,1
6327,1
6328,1
6329,1
6330,2
6331,2
6332,2
6333,2
6334,2
6335,2
6336,2
6337,2
6338,2
6339,1
6340,1
6341,2
6342,2
6343,1
6344,1
6345,1
6346,1
6347,1
6348,2
6349,1
6350,2
6351,2
6352,2
6353,2
6354,1
6355,2
6356,2
6357,2
6358,2
6359,2
6360,1
6361,2
6362,1
6363,2
6364,2
6365,2
6366,1
6367,1
6368,2
6369,2
6370,1
6371,2
6372,2
6373,2
6374,1
6375,2
6376,1
6377,2
6378,1
6379,1
6380,2
6381,2
6382,1
6383,1
6384,2
6385,2
6386,1
6387,1
6388,1
6389,1
6390,1
6391,2
6392,1
6393,2
6394,2
6395,2
6396,2
6397,1
6398,1
6399,2
6400,2
6401,2
6402,2
6403,1
6404,2
6405,1
6406,2
6407,1
6408,1
6409,2
6410,1
6411,1
6412,1
6413,2
6414,1
6415,1
6416,2
6417,1
6418,2
6419,1
6420,1
6421,1
6422,2
6423,2
6424,2
6425,1
6426,2
6427,2
6428,2
6429,1
6430,1
6431,1
6432,2
6433,1
6434,2
6435,2
6436,1
6437,2
6438,1
6439,1
6440,1
6441,1
6442,1
6443,2
6444,1
6445,2
6446,1
6447,2
6448,1
6449,1
6450,1
6451,2
6452,1
6453,2
6454,1
6455,1
6456,1
6457,1
6458,2
6459,2
6460,1
6461,1
6462,1
6463,2
6464,2
6465,2
6466,1
6467,2
6468,2
6469,1
6470,2
6471,1
6472,1
6473,1
6474,2
6475,2
6476,1
6477,1
6478,1
6479,2
6480,2
6481,2
6482,1
6483,2
6484,2
6485,4
6486,2
6487,2
6488,1
6489,1
6490,1
6491,2
6492,2
6493,2
6494,1
6495,1
6496,1
6497,1
6498,2
6499,1
6500,1
6501,1
6502,2
6503,2
6504,1
6505,2
6506,1
6507,1
6508,1
6509,1
6510,1
6511,2
6512,1
6513,2
6514,2
6515,1
6516,2
6517,2
6518,2
6519,2
6520,2
6521,2
6522,2
6523,2
6524,2
6525,1
6526,2
6527,1
6528,2
6529,2
6530,2
6531,1
6532,2
6533,2
6534,1
6535,2
6536,1
6537,1
6538,2
6539,1
6540,1
6541,2
6542,2
6543,2
6544,2
6545,1
6546,2
6547,2
6548,2
6549,1
6550,2
6551,2
6552,2
6553,1
6554,1
6555,2
6556,2
6557,2
6558,2
6559,2
6560,2
6561,2
6562,2
6563,1
6564,1
6565,2
6566,2
6567,2
6568,2
6569,2
6570,1
6571,1
6572,2
6573,1
6574,1
6575,1
6576,2
6577,1
6578,1
6579,2
6580,2
6581,1
6582,2
6583,3
6584,1
6585,1
6586,2
6587,1
6588,2
6589,1
6590,1
6591,1
6592,1
6593,1
6594,2
6595,2
6596,2
6597,2
6598,1
6599,1
6600,1
6601,2
6602,1
6603,1
6604,2
6605,1
6606,2
6607,3
6608,2
6609,2
6610,1
6611,1
6612,2
6613,2
6614,4
6615,1
6616,1
6617,2
6618,1
6619,2
6620,2
6621,2
6622,2
6623,2
6624,1
6625,2
6626,2
6627,1
6628,2
6629,1
6630,2
6631,1
6632,1
6633,1
6634,2
6635,2
6636,2
6637,2
6638,1
6639,1
6640,1
6641,2
6642,1
6643,2
6644,2
6645,1
6646,1
6647,1
6648,1
6649,2
6650,2
6651,1
6652,1
6653,2
6654,2
6655,1
6656,2
6657,1
6658,2
6659,1
6660,2
6661,1
6662,2
6663,1
6664,2
6665,1
6666,2
6667,2
6668,1
6669,1
6670,2
6671,2
6672,1
6673,1
6674,1
6675,1
6676,2
6677,1
6678,2
6679,2
6680,2
6681,1
6682,1
6683,2
6684,2
6685,1
6686,2
6687,2
6688,2
6689,2
6690,2
6691,1
6692,1
6693,1
6694,2
6695,1
6696,1
6697,2
6698,1
6699,2
6700,1
6701,2
6702,1
6703,2
6704,2
6705,1
6706,1
6707,1
6708,1
6709,2
6710,1
6711,1
6712,1
6713,2
6714,2
6715,1
6716,1
6717,2
6718,2
6719,2
6720,1
6721,1
6722,2
6723,1
6724,2
6725,1
6726,2
6727,1
6728,1
6729,1
6730,2
6731,1
6732,2
6733,1
6734,2
6735,1
6736,1
6737,2
6738,1
6739,1
6740,2
6741,2
6742,2
6743,2
6744,1
6745,2
6746,1
6747,1
6748,2
6749,1
6750,2
6751,1
6752,2
6753,2
6754,1
6755,1
6756,2
6757,1
6758,2
6759,1
6760,2
6761,2
6762,3
6763,1
6764,1
6765,2
6766,1
6767,2
6768,1
6769,1
6770,1
6771,1
6772,1
6773,1
6774,1
6775,1
6776,1
6777,1
6778,2
6779,2
6780,2
6781,1
6782,2
6783,1
6784,2
6785,2
6786,2
6787,1
6788,2
6789,2
6790,2
6791,2
6792,2
6793,1
6794,1
6795,2
6796,2
6797,2
6798,2
6799,1
6800,2
6801,1
6802,1
6803,1
6804,2
6805,1
6806,2
6807,2
6808,1
6809,1
6810,1
6811,1
6812,2
6813,1
6814,2
6815,2
6816,2
6817,2
6818,1
6819,1
6820,2
6821,2
6822,2
6823,1
6824,1
6825,1
6826,1
6827,1
6828,2
6829,1
6830,2
6831,2
6832,2
6833,2
6834,1
6835,1
6836,2
6837,1
6838,1
6839,1
6840,2
6841,2
6842,1
6843,1
6844,2
6845,2
6846,1
6847,2
6848,2
6849,2
6850,2
6851,2
6852,2
6853,2
6854,1
6855,2
6856,1
6857,2
6858,1
6859,1
6860,2
6861,1
6862,2
6863,2
6864,1
6865,2
6866,2
6867,1
6868,1
6869,1
6870,1
6871,1
6872,2
6873,1
6874,1
6875,1
6876,2
6877,2
6878,1
6879,1
6880,1
6881,2
6882,1
6883,2
6884,2
6885,1
6886,1
6887,1
6888,2
6889,2
6890,2
6891,1
6892,1
6893,2
6894,2
6895,1
6896,2
6897,2
6898,1
6899,1
6900,2
6901,2
6902,2
6903,3
6904,1
6905,1
6906,1
6907,1
6908,1
6909,1
6910,2
6911,1
6912,1
6913,1
6914,1
6915,1
6916,1
6917,1
6918,2
6919,1
6920,2
6921,1
6922,1
6923,2
6924,2
6925,1
6926,2
6927,2
6928,2
6929,2
6930,1
6931,1
6932,2
6933,1
6934,1
6935,2
6936,1
6937,2
6938,1
6939,2
6940,2
6941,2
6942,2
6943,2
6944,2
6945,2
6946,2
6947,2
6948,1
6949,1
6950,2
6951,1
6952,1
6953,2
6954,2
6955,1
6956,2
6957,2
6958,2
6959,1
6960,1
6961,1
6962,2
6963,1
6964,1
6965,1
6966,1
6967,2
6968,2
6969,2
6970,1
6971,1
6972,1
6973,1
6974,2
6975,1
6976,1
6977,1
6978,2
6979,1
6980,2
6981,2
6982,1
6983,1
6984,2
6985,2
6986,1
6987,2
6988,2
6989,1
6990,1
6991,1
6992,1
6993,2
6994,2
6995,1
6996,2
6997,1
6998,2
6999,1
7000,1
7001,2
7002,2
7003,2
7004,2
7005,1
7006,1
7007,2
7008,2
7009,2
7010,2
7011,2
7012,1
7013,2
7014,2
7015,2
7016,1
7017,1
7018,2
7019,2
7020,1
7021,1
7022,1
7023,2
7024,2
7025,2
7026,2
7027,1
7028,2
7029,1
7030,1
7031,1
7032,1
7033,2
7034,2
7035,2
7036,1
7037,2
7038,1
7039,1
7040,2
7041,1
7042,1
7043,2
7044,1
7045,2
7046,2
7047,2
7048,1
7049,2
7050,2
7051,1
7052,2
7053,1
7054,1
7055,2
7056,1
7057,2
7058,2
7059,2
7060,2
7061,1
7062,1
7063,1
7064,2
7065,1
7066,2
7067,1
7068,2
7069,2
7070,2
7071,1
7072,2
7073,2
7074,1
7075,1
7076,2
7077,2
7078,2
7079,2
7080,2
7081,1
7082,1
7083,1
7084,1
7085,1
7086,2
7087,1
7088,1
7089,2
7090,2
7091,1
7092,2
7093,2
7094,1
7095,1
7096,2
7097,1
7098,2
7099,2
7100,1
7101,2
7102,1
7103,1
7104,2
7105,1
7106,1
7107,2
7108,2
7109,1
7110,2
7111,1
7112,1
7113,1
7114,2
7115,1
7116,2
7117,1
7118,2
7119,2
7120,1
7121,1
7122,1
7123,2
7124,1
7125,1
7126,1
7127,1
7128,1
7129,2
7130,1
7131,2
7132,2
7133,1
7134,2
7135,2
7136,2
7137,2
7138,1
7139,2
7140,2
7141,1
7142,1
7143,1
7144,2
7145,1
7146,2
7147,1
7148,1
7149,2
7150,2
7151,2
7152,3
7153,1
7154,1
7155,2
7156,1
7157,1
7158,2
7159,2
7160,1
7161,2
7162,1
7163,1
7164,1
7165,2
7166,1
7167,1
7168,2
7169,1
7170,2
7171,2
7172,1
7173,1
7174,2
7175,2
7176,1
7177,1
7178,1
7179,1
7180,1
7181,2
7182,1
7183,2
7184,1
7185,1
7186,1
7187,1
7188,1
7189,1
7190,2
7191,2
7192,2
7193,2
7194,1
7195,2
7196,1
7197,1
7198,1
7199,2
7200,1
7201,2
7202,2
7203,1
7204,1
7205,2
7206,1
7207,1
7208,2
7209,2
7210,2
7211,1
7212,2
7213,1
7214,1
7215,2
7216,1
7217,2
7218,2
7219,2
7220,1
7221,2
7222,2
7223,1
7224,2
7225,1
7226,2
7227,1
7228,2
7229,1
7230,2
7231,2
7232,1
7233,2
7234,2
7235,2
7236,1
7237,2
7238,1
7239,1
7240,2
7241,2
7242,2
7243,2
7244,1
7245,2
7246,2
7247,1
7248,2
7249,2
7250,2
7251,1
7252,1
7253,1
7254,1
7255,2
7256,1
7257,1
7258,2
7259,2
7260,1
7261,1
7262,2
7263,2
7264,2
7265,2
7266,1
7267,2
7268,2
7269,2
7270,2
7271,2
7272,2
7273,1
7274,1
7275,2
7276,2
7277,1
7278,1
7279,2
7280,1
7281,1
7282,2
7283,2
7284,1
7285,1
7286,1
7287,2
7288,1
7289,1
7290,2
7291,1
7292,1
7293,2
7294,1
7295,2
7296,1
7297,1
7298,1
7299,1
7300,2
7301,2
7302,1
7303,1
7304,1
7305,1
7306,2
7307,2
7308,2
7309,4
7310,1
7311,2
7312,1
7313,1
7314,2
7315,2
7316,1
7317,2
7318,2
7319,2
7320,2
7321,1
7322,2
7323,2
7324,1
7325,2
7326,1
7327,2
7328,1
7329,1
7330,1
7331,2
7332,2
7333,2
7334,1
7335,1
7336,1
7337,2
7338,2
7339,2
7340,2
7341,2
7342,2
7343,1
7344,1
7345,1
7346,2
7347,2
7348,2
7349,2
7350,2
7351,2
7352,1
7353,1
7354,2
7355,1
7356,2
7357,1
7358,2
7359,1
7360,1
7361,2
7362,4
7363,1
7364,1
7365,1
7366,2
7367,2
7368,2
7369,2
7370,2
7371,1
7372,1
7373,2
7374,1
7375,2
7376,2
7377,2
7378,2
7379,2
7380,2
7381,2
7382,2
7383,1
7384,1
7385,1
7386,2
7387,1
7388,2
7389,2
7390,1
7391,1
7392,2
7393,2
7394,2
7395,1
7396,4
7397,2
7398,2
7399,2
7400,1
7401,1
7402,1
7403,2
7404,1
7405,1
7406,2
7407,2
7408,2
7409,1
7410,1
7411,2
7412,4
7413,2
7414,1
7415,1
7416,2
7417,2
7418,2
7419,1
7420,2
7421,1
7422,1
7423,1
7424,2
7425,1
7426,2
7427,2
7428,2
7429,1
7430,1
7431,1
7432,1
7433,1
7434,1
7435,1
7436,1
7437,2
7438,1
7439,2
7440,2
7441,2
7442,2
7443,1
7444,1
7445,1
7446,1
7447,2
7448,2
7449,2
7450,2
7451,1
7452,1
7453,2
7454,2
7455,2
7456,2
7457,2
7458,2
7459,1
7460,2
7461,1
7462,2
7463,2
7464,2
7465,2
7466,1
7467,1
7468,1
7469,1
7470,2
7471,1
7472,2
7473,1
7474,2
7475,2
7476,1
7477,2
7478,2
7479,1
7480,2
7481,1
7482,2
7483,1
7484,1
7485,1
7486,1
7487,1
7488,1
7489,1
7490,2
7491,2
7492,2
7493,2
7494,1
7495,2
7496,2
7497,1
7498,2
7499,2
7500,2
7501,2
7502,1
7503,1
7504,2
7505,1
7506,1
7507,2
7508,2
7509,2
7510,2
7511,2
7512,2
7513,2
7514,1
7515,1
7516,2
7517,1
7518,1
7519,2
7520,2
7521,1
7522,2
7523,1
7524,2
7525,3
7526,1
7527,1
7528,2
7529,1
7530,1
7531,2
7532,1
7533,1
7534,2
7535,1
7536,2
7537,2
7538,1
7539,2
7540,1
7541,1
7542,2
7543,1
7544,1
7545,2
7546,1
7547,1
7548,2
7549,2
7550,1
7551,2
7552,1
7553,1
7554,2
7555,2
7556,1
7557,2
7558,1
7559,2
7560,1
7561,2
7562,1
7563,2
7564,2
7565,2
7566,2
7567,1
7568,1
7569,4
7570,1
7571,2
7572,2
7573,1
7574,1
7575,1
7576,2
7577,2
7578,1
7579,1
7580,2
7581,2
7582,1
7583,2
7584,1
7585,2
7586,2
7587,1
7588,2
7589,1
7590,1
7591,2
7592,1
7593,1
7594,1
7595,2
7596,1
7597,1
7598,2
7599,1
7600,2
7601,2
7602,2
7603,2
7604,1
7605,1
7606,1
7607,1
7608,2
7609,1
7610,2
7611,2
7612,2
7613,2
7614,1
7615,1
7616,2
7617,1
7618,1
7619,2
7620,1
7621,2
7622,2
7623,1
7624,2
7625,2
7626,1
7627,2
7628,1
7629,1
7630,1
7631,1
7632,1
7633,2
7634,1
7635,2
7636,2
7637,1
7638,2
7639,2
7640,2
7641,2
7642,1
7643,2
7644,2
7645,1
7646,1
7647,1
7648,2
7649,2
7650,2
7651,2
7652,3
7653,2
7654,1
7655,1
7656,2
7657,1
7658,1
7659,1
7660,1
7661,1
7662,2
7663,2
7664,2
7665,1
7666,2
7667,1
7668,2
7669,1
7670,2
7671,1
7672,2
7673,1
7674,1
7675,2
7676,1
7677,2
7678,2
7679,2
7680,1
7681,2
7682,2
7683,2
7684,1
7685,1
7686,2
7687,2
7688,2
7689,1
7690,1
7691,2
7692,1
7693,1
7694,1
7695,1
7696,1
7697,2
7698,2
7699,1
7700,2
7701,2
7702,1
7703,1
7704,1
7705,1
7706,2
7707,2
7708,1
7709,2
7710,1
7711,2
7712,1
7713,1
7714,1
7715,2
7716,2
7717,2
7718,1
7719,2
7720,1
7721,2
7722,1
7723,2
7724,2
7725,1
7726,1
7727,1
7728,1
7729,1
7730,1
7731,1
7732,1
7733,1
7734,2
7735,1
7736,1
7737,1
7738,2
7739,1
7740,2
7741,2
7742,1
7743,2
7744,1
7745,2
7746,2
7747,1
7748,2
7749,1
7750,2
7751,1
7752,2
7753,2
7754,1
7755,1
7756,2
7757,1
7758,1
7759,2
7760,2
7761,2
7762,1
7763,2
7764,2
7765,1
7766,1
7767,2
7768,2
7769,2
7770,2
7771,2
7772,1
7773,1
7774,2
7775,2
7776,1
7777,2
7778,2
7779,1
7780,2
7781,2
7782,2
7783,2
7784,2
7785,2
7786,1
7787,2
7788,1
7789,2
7790,2
7791,1
7792,2
7793,2
7794,2
7795,2
7796,2
7797,1
7798,1
7799,2
7800,2
7801,2
7802,1
7803,2
7804,2
7805,1
7806,1
7807,1
7808,2
7809,1
7810,2
7811,2
7812,2
7813,2
7814,2
7815,1
7816,1
7817,1
7818,2
7819,1
7820,2
7821,2
7822,2
7823,2
7824,2
7825,1
7826,1
7827,1
7828,1
7829,2
7830,1
7831,1
7832,1
7833,2
7834,2
7835,2
7836,1
7837,2
7838,1
7839,1
7840,2
7841,2
7842,2
7843,1
7844,1
7845,1
7846,1
7847,2
7848,1
7849,1
7850,2
7851,2
7852,1
7853,2
7854,2
7855,2
7856,1
7857,1
7858,1
7859,1
7860,2
7861,1
7862,2
7863,1
7864,1
7865,1
7866,2
7867,2
7868,1
7869,2
7870,1
7871,1
7872,1
7873,1
7874,1
7875,1
7876,2
7877,2
7878,2
7879,1
7880,1
7881,1
7882,1
7883,1
7884,2
7885,1
7886,1
7887,2
7888,1
7889,1
7890,2
7891,2
7892,1
7893,2
7894,2
7895,1
7896,1
7897,2
7898,1
7899,1
7900,2
7901,1
7902,1
7903,1
7904,1
7905,1
7906,2
7907,1
7908,2
7909,1
7910,1
7911,1
7912,1
7913,2
7914,1
7915,2
7916,2
7917,2
7918,2
7919,2
7920,1
7921,1
7922,2
7923,1
7924,1
7925,1
7926,1
7927,1
7928,1
7929,1
7930,1
7931,2
7932,1
7933,1
7934,1
7935,1
7936,1
7937,1
7938,1
7939,1
7940,2
7941,1
7942,1
7943,1
7944,1
7945,2
7946,2
7947,1
7948,1
7949,1
7950,2
7951,2
7952,2
7953,1
7954,2
7955,1
7956,1
7957,2
7958,2
7959,1
7960,2
7961,2
7962,2
7963,1
7964,2
7965,2
7966,1
7967,2
7968,2
7969,2
7970,2
7971,2
7972,2
7973,1
7974,1
7975,2
7976,2
7977,1
7978,1
7979,2
7980,1
7981,1
7982,2
7983,2
7984,1
7985,1
7986,2
7987,1
7988,1
7989,1
7990,2
7991,1
7992,1
7993,1
7994,1
7995,2
7996,2
7997,1
7998,1
7999,2
8000,1
8001,1
8002,2
8003,1
8004,1
8005,1
8006,1
8007,2
8008,3
8009,1
8010,1
8011,2
8012,1
8013,2
8014,1
8015,1
8016,2
8017,2
8018,2
8019,1
8020,2
8021,2
8022,1
8023,1
8024,1
8025,1
8026,1
8027,2
8028,1
8029,1
8030,1
8031,1
8032,1
8033,1
8034,2
8035,2
8036,2
8037,1
8038,2
8039,1
8040,1
8041,2
8042,2
8043,1
8044,2
8045,2
8046,3
8047,2
8048,2
8049,2
8050,1
8051,1
8052,2
8053,2
8054,1
8055,1
8056,2
8057,2
8058,1
8059,1
8060,2
8061,2
8062,2
8063,1
8064,2
8065,1
8066,1
8067,1
8068,2
8069,1
8070,2
8071,2
8072,2
8073,2
8074,2
8075,2
8076,1
8077,2
8078,2
8079,2
8080,1
8081,2
8082,1
8083,2
8084,2
8085,1
8086,1
8087,1
8088,2
8089,1
8090,1
8091,1
8092,3
8093,1
8094,2
8095,1
8096,1
8097,2
8098,2
8099,2
8100,1
8101,1
8102,1
8103,3
8104,2
8105,1
8106,1
8107,1
8108,1
8109,2
8110,2
8111,1
8112,1
8113,2
8114,2
8115,1
8116,2
8117,2
8118,2
8119,1
8120,1
8121,2
8122,1
8123,2
8124,1
8125,2
8126,2
8127,2
8128,2
8129,2
8130,1
8131,2
8132,1
8133,1
8134,2
8135,2
8136,1
8137,2
8138,1
8139,2
8140,1
8141,1
8142,1
8143,2
8144,2
8145,2
8146,2
8147,2
8148,2
8149,2
8150,2
8151,1
8152,1
8153,2
8154,3
8155,2
8156,2
8157,1
8158,2
8159,1
8160,2
8161,1
8162,1
8163,2
8164,1
8165,3
8166,1
8167,1
8168,1
8169,1
8170,1
8171,2
8172,1
8173,1
8174,2
8175,1
8176,1
8177,1
8178,2
8179,1
8180,2
8181,1
8182,1
8183,1
8184,1
8185,5
8186,1
8187,1
8188,1
8189,1
8190,1
8191,1
8192,2
8193,2
8194,1
8195,1
8196,1
8197,2
8198,1
8199,2
8200,1
8201,4
8202,1
8203,1
8204,1
8205,1
8206,2
8207,2
8208,1
8209,1
8210,2
8211,2
8212,2
8213,1
8214,2
8215,2
8216,2
8217,1
8218,2
8219,1
8220,2
8221,2
8222,1
8223,2
8224,1
8225,2
8226,2
8227,1
8228,1
8229,2
8230,1
8231,1
8232,1
8233,2
8234,1
8235,2
8236,2
8237,2
8238,2
8239,2
8240,2
8241,2
8242,2
8243,2
8244,1
8245,2
8246,1
8247,1
8248,2
8249,2
8250,2
8251,2
8252,2
8253,2
8254,1
8255,1
8256,2
8257,2
8258,2
8259,2
8260,2
8261,1
8262,2
8263,2
8264,2
8265,1
8266,1
8267,1
8268,2
8269,1
8270,1
8271,2
8272,1
8273,2
8274,2
8275,1
8276,1
8277,2
8278,2
8279,2
8280,1
8281,2
8282,1
8283,2
8284,2
8285,3
8286,2
8287,1
8288,1
8289,1
8290,1
8291,2
8292,1
8293,2
8294,2
8295,1
8296,2
8297,1
8298,1
8299,1
8300,1
8301,1
8302,2
8303,1
8304,1
8305,1
8306,2
8307,2
8308,2
8309,2
8310,1
8311,1
8312,1
8313,1
8314,1
8315,2
8316,2
8317,2
8318,2
8319,2
8320,1
8321,1
8322,1
8323,1
8324,1
8325,2
8326,2
8327,1
8328,2
8329,2
8330,2
8331,1
8332,2
8333,1
8334,1
8335,1
8336,2
8337,2
8338,1
8339,2
8340,1
8341,2
8342,4
8343,2
8344,1
8345,1
8346,1
8347,2
8348,2
8349,1
8350,2
8351,1
8352,1
8353,1
8354,1
8355,2
8356,2
8357,1
8358,2
8359,1
8360,1
8361,2
8362,1
8363,2
8364,1
8365,2
8366,2
8367,1
8368,1
8369,2
8370,2
8371,1
8372,2
8373,1
8374,1
8375,2
8376,1
8377,2
8378,1
8379,2
8380,2
8381,1
8382,2
8383,1
8384,2
8385,2
8386,2
8387,2
8388,1
8389,1
8390,2
8391,2
8392,2
8393,1
8394,1
8395,2
8396,2
8397,2
8398,1
8399,1
8400,1
8401,1
8402,2
8403,2
8404,2
8405,2
8406,1
8407,1
8408,2
8409,2
8410,1
8411,2
8412,1
8413,1
8414,2
8415,1
8416,1
8417,1
8418,2
8419,1
8420,2
8421,2
8422,1
8423,2
8424,1
8425,1
8426,1
8427,1
8428,1
8429,2
8430,2
8431,1
8432,1
8433,2
8434,2
8435,1
8436,2
8437,2
8438,2
8439,2
8440,2
8441,2
8442,2
8443,1
8444,1
8445,2
8446,2
8447,2
8448,1
8449,1
8450,2
8451,2
8452,2
8453,2
8454,2
8455,1
8456,1
8457,1
8458,1
8459,1
8460,2
8461,2
8462,2
8463,1
8464,2
8465,2
8466,1
8467,1
8468,1
8469,2
8470,1
8471,1
8472,1
8473,2
8474,2
8475,2
8476,1
8477,1
8478,1
8479,2
8480,1
8481,2
8482,1
8483,1
8484,1
8485,1
8486,1
8487,1
8488,2
8489,1
8490,1
8491,2
8492,2
8493,2
8494,1
8495,1
8496,1
8497,1
8498,2
8499,1
8500,2
8501,1
8502,2
8503,1
8504,1
8505,1
8506,2
8507,2
8508,1
8509,2
8510,1
8511,1
8512,2
8513,1
8514,1
8515,2
8516,1
8517,1
8518,2
8519,1
8520,1
8521,1
8522,1
8523,1
8524,1
8525,1
8526,2
8527,1
8528,1
8529,2
8530,1
8531,1
8532,1
8533,2
8534,1
8535,2
8536,2
8537,2
8538,2
8539,2
8540,2
8541,2
8542,2
8543,1
8544,2
8545,2
8546,2
8547,1
8548,2
8549,2
8550,1
8551,4
8552,2
8553,2
8554,2
8555,1
8556,2
8557,1
8558,2
8559,2
8560,2
8561,2
8562,2
8563,2
8564,1
8565,2
8566,2
8567,2
8568,1
8569,1
8570,2
8571,1
8572,1
8573,1
8574,2
8575,2
8576,2
8577,1
8578,1
8579,1
8580,1
8581,2
8582,1
8583,1
8584,1
8585,2
8586,2
8587,2
8588,1
8589,2
8590,2
8591,1
8592,2
8593,2
8594,2
8595,1
8596,1
8597,1
8598,1
8599,1
8600,2
8601,1
8602,1
8603,1
8604,2
8605,2
8606,1
8607,2
8608,2
8609,1
8610,2
8611,2
8612,1
8613,1
8614,1
8615,1
8616,2
8617,2
8618,2
8619,1
8620,1
8621,2
8622,1
8623,3
8624,1
8625,2
8626,1
8627,2
8628,2
8629,2
8630,2
8631,1
8632,1
8633,1
8634,2
8635,2
8636,2
8637,1
8638,1
8639,2
8640,1
8641,1
8642,1
8643,2
8644,2
8645,1
8646,1
8647,1
8648,2
8649,1
8650,1
8651,1
8652,2
8653,1
8654,1
8655,2
8656,2
8657,2
8658,2
8659,1
8660,1
8661,2
8662,1
8663,1
8664,1
8665,2
8666,2
8667,1
8668,2
8669,1
8670,1
8671,1
8672,1
8673,1
8674,2
8675,1
8676,2
8677,1
8678,2
8679,1
8680,2
8681,2
8682,2
8683,2
8684,1
8685,1
8686,1
8687,2
8688,1
8689,2
8690,2
8691,2
8692,1
8693,1
8694,1
8695,2
8696,1
8697,1
8698,2
8699,2
8700,1
8701,1
8702,1
8703,1
8704,1
8705,1
8706,2
8707,2
8708,2
8709,1
8710,1
8711,2
8712,1
8713,1
8714,2
8715,1
8716,1
8717,2
8718,2
8719,2
8720,1
8721,1
8722,1
8723,1
8724,2
8725,1
8726,2
8727,2
8728,1
8729,2
8730,1
8731,1
8732,1
8733,2
8734,1
8735,1
8736,2
8737,2
8738,2
8739,1
8740,1
8741,1
8742,2
8743,2
8744,1
8745,1
8746,1
8747,1
8748,2
8749,1
8750,1
8751,1
8752,1
8753,1
8754,1
8755,2
8756,1
8757,1
8758,1
8759,2
8760,2
8761,1
8762,2
8763,1
8764,2
8765,2
8766,2
8767,1
8768,2
8769,2
8770,2
8771,2
8772,1
8773,2
8774,1
8775,2
8776,2
8777,2
8778,2
8779,1
8780,1
8781,2
8782,2
8783,1
8784,1
8785,1
8786,2
8787,2
8788,2
8789,2
8790,2
8791,2
8792,2
8793,2
8794,2
8795,1
8796,2
8797,2
8798,2
8799,1
8800,1
8801,1
8802,2
8803,1
8804,1
8805,1
8806,1
8807,2
8808,2
8809,1
8810,1
8811,2
8812,1
8813,2
8814,1
8815,2
8816,2
8817,1
8818,2
8819,2
8820,1
8821,1
8822,1
8823,1
8824,1
8825,1
8826,1
8827,2
8828,2
8829,2
8830,1
8831,1
8832,1
8833,1
8834,2
8835,2
8836,1
8837,2
8838,2
8839,1
8840,2
8841,1
8842,1
8843,1
8844,1
8845,2
8846,1
8847,1
8848,2
8849,1
8850,2
8851,2
8852,1
8853,2
8854,1
8855,2
8856,1
8857,2
8858,1
8859,1
8860,1
8861,1
8862,2
8863,1
8864,2
8865,2
8866,1
8867,1
8868,1
8869,1
8870,1
8871,1
8872,2
8873,2
8874,2
8875,1
8876,1
8877,2
8878,1
8879,2
8880,1
8881,2
8882,2
8883,1
8884,2
8885,1
8886,1
8887,1
8888,2
8889,1
8890,2
8891,2
8892,2
8893,1
8894,2
8895,1
8896,1
8897,1
8898,2
8899,2
8900,2
8901,2
8902,1
8903,1
8904,2
8905,2
8906,1
8907,2
8908,2
8909,1
8910,1
8911,2
8912,2
8913,1
8914,1
8915,1
8916,2
8917,1
8918,2
8919,2
8920,1
8921,1
8922,1
8923,1
8924,1
8925,1
8926,2
8927,1
8928,2
8929,1
8930,2
8931,1
8932,2
8933,1
8934,2
8935,1
8936,1
8937,1
8938,2
8939,1
8940,1
8941,1
8942,2
8943,2
8944,1
8945,2
8946,1
8947,1
8948,2
8949,2
8950,2
8951,2
8952,1
8953,2
8954,1
8955,1
8956,2
8957,1
8958,2
8959,2
8960,1
8961,1
8962,1
8963,2
8964,2
8965,1
8966,1
8967,2
8968,2
8969,2
8970,1
8971,2
8972,2
8973,1
8974,2
8975,1
8976,1
8977,2
8978,1
8979,1
8980,2
8981,2
8982,2
8983,1
8984,2
8985,1
8986,1
8987,2
8988,2
8989,1
8990,2
8991,2
8992,2
8993,1
8994,2
8995,1
8996,2
8997,1
8998,2
8999,2
9000,1
9001,1
9002,2
9003,1
9004,2
9005,2
9006,2
9007,1
9008,1
9009,2
9010,2
9011,1
9012,1
9013,2
9014,2
9015,1
9016,1
9017,1
9018,2
9019,2
9020,2
9021,2
9022,2
9023,2
9024,1
9025,2
9026,1
9027,2
9028,1
9029,2
9030,2
9031,1
9032,1
9033,2
9034,2
9035,2
9036,1
9037,2
9038,2
9039,2
9040,1
9041,1
9042,1
9043,1
9044,2
9045,2
9046,2
9047,2
9048,2
9049,1
9050,2
9051,1
9052,2
9053,2
9054,1
9055,2
9056,2
9057,1
9058,1
9059,1
9060,2
9061,2
9062,1
9063,1
9064,2
9065,1
9066,1
9067,2
9068,2
9069,2
9070,1
9071,2
9072,1
9073,2
9074,1
9075,1
9076,1
9077,2
9078,1
9079,2
9080,2
9081,2
9082,1
9083,1
9084,2
9085,2
9086,1
9087,2
9088,2
9089,2
9090,2
9091,1
9092,2
9093,2
9094,1
9095,1
9096,2
9097,1
9098,2
9099,1
9100,2
9101,1
9102,2
9103,2
9104,1
9105,2
9106,1
9107,1
9108,4
9109,2
9110,2
9111,1
9112,1
9113,2
9114,1
9115,1
9116,2
9117,2
9118,2
9119,1
9120,2
9121,1
9122,1
9123,1
9124,1
9125,1
9126,1
9127,1
9128,2
9129,1
9130,1
9131,2
9132,2
9133,2
9134,2
9135,2
9136,2
9137,1
9138,1
9139,2
9140,2
9141,2
9142,2
9143,1
9144,2
9145,1
9146,2
9147,2
9148,2
9149,2
9150,1
9151,2
9152,2
9153,1
9154,2
9155,1
9156,1
9157,1
9158,1
9159,1
9160,2
9161,2
9162,2
9163,1
9164,1
9165,2
9166,2
9167,1
9168,1
9169,1
9170,2
9171,2
9172,1
9173,1
9174,1
9175,1
9176,1
9177,1
9178,2
9179,1
9180,2
9181,1
9182,2
9183,2
9184,2
9185,1
9186,1
9187,1
9188,1
9189,1
9190,1
9191,2
9192,2
9193,1
9194,1
9195,2
9196,1
9197,2
9198,2
9199,2
9200,1
9201,1
9202,1
9203,2
9204,1
9205,2
9206,1
9207,1
9208,1
9209,2
9210,2
9211,1
9212,1
9213,1
9214,1
9215,1
9216,2
9217,2
9218,1
9219,2
9220,2
9221,2
9222,2
9223,2
9224,1
9225,1
9226,2
9227,1
9228,1
9229,2
9230,1
9231,2
9232,2
9233,1
9234,2
9235,2
9236,2
9237,2
9238,2
9239,2
9240,2
9241,1
9242,1
9243,1
9244,2
9245,2
9246,1
9247,2
9248,1
9249,2
9250,2
9251,2
9252,2
9253,2
9254,1
9255,1
9256,2
9257,1
9258,1
9259,2
9260,1
9261,1
9262,1
9263,1
9264,1
9265,2
9266,1
9267,2
9268,2
9269,1
9270,1
9271,1
9272,1
9273,2
9274,1
9275,1
9276,2
9277,1
9278,1
9279,2
9280,1
9281,1
9282,1
9283,2
9284,2
9285,1
9286,2
9287,2
9288,2
9289,1
9290,1
9291,2
9292,2
9293,2
9294,1
9295,1
9296,2
9297,2
9298,1
9299,1
9300,2
9301,1
9302,1
9303,2
9304,1
9305,1
9306,3
9307,2
9308,1
9309,2
9310,2
9311,1
9312,1
9313,2
9314,2
9315,1
9316,2
9317,2
9318,1
9319,3
9320,1
9321,1
9322,2
9323,1
9324,2
9325,1
9326,2
9327,1
9328,1
9329,1
9330,2
9331,2
9332,1
9333,1
9334,1
9335,1
9336,1
9337,2
9338,1
9339,2
9340,2
9341,1
9342,1
9343,1
9344,1
9345,2
9346,2
9347,1
9348,2
9349,2
9350,2
9351,2
9352,1
9353,1
9354,1
9355,2
9356,1
9357,2
9358,1
9359,1
9360,1
9361,1
9362,2
9363,1
9364,2
9365,1
9366,1
9367,2
9368,2
9369,1
9370,1
9371,2
9372,2
9373,2
9374,2
9375,2
9376,2
9377,1
9378,1
9379,1
9380,2
9381,2
9382,2
9383,2
9384,1
9385,2
9386,1
9387,2
9388,1
9389,2
9390,1
9391,1
9392,2
9393,2
9394,1
9395,1
9396,2
9397,1
9398,1
9399,2
9400,2
9401,2
9402,2
9403,2
9404,2
9405,1
9406,2
9407,1
9408,2
9409,1
9410,1
9411,2
9412,1
9413,1
9414,1
9415,2
9416,2
9417,2
9418,1
9419,1
9420,1
9421,1
9422,2
9423,2
9424,2
9425,2
9426,1
9427,2
9428,1
9429,1
9430,2
9431,1
9432,1
9433,2
9434,2
9435,1
9436,2
9437,1
9438,1
9439,1
9440,1
9441,1
9442,2
9443,2
9444,1
9445,1
9446,2
9447,2
9448,2
9449,2
9450,1
9451,2
9452,2
9453,1
9454,2
9455,2
9456,2
9457,2
9458,1
9459,2
9460,1
9461,2
9462,1
9463,1
9464,2
9465,1
9466,2
9467,1
9468,1
9469,1
9470,2
9471,1
9472,1
9473,2
9474,2
9475,2
9476,2
9477,1
9478,2
9479,1
9480,2
9481,2
9482,1
9483,1
9484,2
9485,2
9486,1
9487,1
9488,1
9489,1
9490,1
9491,1
9492,1
9493,2
9494,1
9495,2
9496,1
9497,1
9498,2
9499,1
9500,1
9501,2
9502,2
9503,2
9504,1
9505,1
9506,1
9507,2
9508,2
9509,1
9510,1
9511,1
9512,2
9513,1
9514,1
9515,2
9516,2
9517,2
9518,2
9519,2
9520,1
9521,2
9522,2
9523,1
9524,2
9525,2
9526,2
9527,1
9528,2
9529,2
9530,2
9531,2
9532,2
9533,1
9534,1
9535,1
9536,1
9537,2
9538,2
9539,1
9540,1
9541,2
9542,1
9543,2
9544,1
9545,1
9546,2
9547,2
9548,2
9549,1
9550,2
9551,1
9552,1
9553,2
9554,1
9555,2
9556,1
9557,2
9558,1
9559,2
9560,1
9561,1
9562,2
9563,2
9564,2
9565,1
9566,1
9567,2
9568,1
9569,1
9570,1
9571,1
9572,1
9573,2
9574,2
9575,2
9576,2
9577,1
9578,1
9579,1
9580,2
9581,1
9582,2
9583,2
9584,1
9585,2
9586,2
9587,1
9588,2
9589,2
9590,2
9591,1
9592,2
9593,2
9594,2
9595,2
9596,1
9597,2
9598,1
9599,2
9600,1
9601,2
9602,1
9603,2
9604,2
9605,1
9606,2
9607,1
9608,2
9609,1
9610,2
9611,1
9612,2
9613,1
9614,2
9615,1
9616,2
9617,2
9618,1
9619,2
9620,2
9621,2
9622,1
9623,1
9624,1
9625,1
9626,1
9627,1
9628,2
9629,1
9630,2
9631,1
9632,1
9633,1
9634,2
9635,1
9636,2
9637,1
9638,1
9639,2
9640,2
9641,2
9642,1
9643,1
9644,2
9645,1
9646,2
9647,2
9648,1
9649,1
9650,2
9651,1
9652,1
9653,2
9654,1
9655,2
9656,2
9657,1
9658,3
9659,2
9660,2
9661,1
9662,2
9663,2
9664,2
9665,1
9666,1
9667,2
9668,2
9669,2
9670,2
9671,1
9672,2
9673,1
9674,1
9675,1
9676,1
9677,2
9678,1
9679,1
9680,1
9681,2
9682,2
9683,2
9684,1
9685,1
9686,2
9687,1
9688,2
9689,2
9690,1
9691,2
9692,2
9693,1
9694,1
9695,2
9696,1
9697,1
9698,2
9699,1
9700,2
9701,2
9702,2
9703,1
9704,1
9705,2
9706,1
9707,1
9708,2
9709,1
9710,1
9711,2
9712,2
9713,1
9714,2
9715,1
9716,1
9717,2
9718,2
9719,2
9720,2
9721,1
9722,2
9723,2
9724,2
9725,2
9726,2
9727,2
9728,2
9729,1
9730,1
9731,1
9732,2
9733,1
9734,1
9735,2
9736,2
9737,2
9738,1
9739,2
9740,2
9741,1
9742,1
9743,1
9744,2
9745,1
9746,2
9747,1
9748,2
9749,1
9750,1
9751,2
9752,1
9753,2
9754,1
9755,2
9756,1
9757,2
9758,1
9759,1
9760,2
9761,2
9762,1
9763,1
9764,1
9765,1
9766,2
9767,1
9768,1
9769,1
9770,2
9771,1
9772,2
9773,2
9774,1
9775,1
9776,2
9777,1
9778,2
9779,1
9780,2
9781,1
9782,1
9783,1
9784,2
9785,2
9786,1
9787,1
9788,2
9789,1
9790,2
9791,2
9792,2
9793,1
9794,1
9795,1
9796,1
9797,1
9798,1
9799,1
9800,1
9801,2
9802,1
9803,2
9804,1
9805,3
9806,2
9807,1
9808,2
9809,1
9810,2
9811,2
9812,2
9813,1
9814,2
9815,1
9816,2
9817,1
9818,2
9819,1
9820,2
9821,1
9822,2
9823,1
9824,1
9825,1
9826,2
9827,1
9828,2
9829,2
9830,1
9831,1
9832,2
9833,2
9834,1
9835,1
9836,2
9837,2
9838,2
9839,2
9840,1
9841,2
9842,1
9843,2
9844,1
9845,2
9846,1
9847,2
9848,1
9849,1
9850,2
9851,1
9852,1
9853,1
9854,2
9855,2
9856,1
9857,1
9858,2
9859,2
9860,1
9861,3
9862,2
9863,2
9864,2
9865,1
9866,2
9867,2
9868,1
9869,2
9870,1
9871,2
9872,1
9873,1
9874,1
9875,2
9876,1
9877,2
9878,2
9879,2
9880,2
9881,1
9882,1
9883,1
9884,1
9885,1
9886,2
9887,2
9888,2
9889,1
9890,2
9891,1
9892,2
9893,1
9894,1
9895,2
9896,1
9897,1
9898,1
9899,1
9900,2
9901,2
9902,1
9903,2
9904,1
9905,1
9906,2
9907,2
9908,2
9909,2
9910,1
9911,2
9912,1
9913,2
9914,2
9915,2
9916,1
9917,2
9918,2
9919,2
9920,2
9921,1
9922,1
9923,2
9924,2
9925,1
9926,2
9927,2
9928,1
9929,2
9930,2
9931,1
9932,2
9933,1
9934,2
9935,2
9936,1
9937,2
9938,2
9939,2
9940,1
9941,2
9942,1
9943,2
9944,2
9945,2
9946,2
9947,2
9948,1
9949,1
9950,2
9951,1
9952,1
9953,2
9954,1
9955,2
9956,1
9957,1
9958,1
9959,1
9960,2
9961,2
9962,1
9963,1
9964,1
9965,1
9966,2
9967,1
9968,1
9969,2
9970,2
9971,2
9972,1
9973,2
9974,1
9975,2
9976,2
9977,2
9978,1
9979,2
9980,2
9981,2
9982,1
9983,1
9984,1
9985,2
9986,2
9987,1
9988,2
9989,2
9990,2
9991,2
9992,1
9993,2
9994,1
9995,1
9996,2
9997,2
9998,1
9999,2
10000,1
10001,1
10002,1
10003,2
10004,2
10005,1
10006,2
10007,1
10008,1
10009,2
10010,1
10011,1
10012,1
10013,2
10014,2
10015,1
10016,1
10017,2
10018,1
10019,2
10020,2
10021,2
10022,1
10023,1
10024,1
10025,2
10026,2
10027,1
10028,2
10029,2
10030,1
10031,2
10032,2
10033,1
10034,1
10035,2
10036,2
10037,1
10038,2
10039,1
10040,2
10041,1
10042,1
10043,2
10044,2
10045,1
10046,1
10047,1
10048,1
10049,1
10050,1
10051,2
10052,2
10053,1
10054,2
10055,1
10056,2
10057,1
10058,2
10059,1
10060,2
10061,2
10062,1
10063,2
10064,1
10065,2
10066,2
10067,2
10068,1
10069,2
10070,1
10071,1
10072,2
10073,1
10074,1
10075,2
10076,1
10077,1
10078,2
10079,2
10080,2
10081,2
10082,2
10083,2
10084,1
10085,1
10086,2
10087,1
10088,2
10089,1
10090,1
10091,2
10092,2
10093,2
10094,2
10095,1
10096,1
10097,2
10098,1
10099,2
10100,1
10101,2
10102,2
10103,2
10104,2
10105,2
10106,1
10107,2
10108,1
10109,1
10110,2
10111,1
10112,2
10113,2
10114,2
10115,1
10116,2
10117,1
10118,2
10119,2
10120,4
10121,1
10122,2
10123,2
10124,1
10125,2
10126,1
10127,2
10128,2
10129,1
10130,1
10131,2
10132,2
10133,1
10134,2
10135,1
10136,1
10137,2
10138,2
10139,1
10140,2
10141,2
10142,1
10143,1
10144,2
10145,2
10146,2
10147,1
10148,1
10149,1
10150,1
10151,2
10152,2
10153,1
10154,1
10155,1
10156,2
10157,2
10158,2
10159,2
10160,2
10161,2
10162,2
10163,1
10164,1
10165,1
10166,2
10167,2
10168,1
10169,1
10170,2
10171,2
10172,2
10173,2
10174,3
10175,1
10176,1
10177,1
10178,1
10179,1
10180,2
10181,1
10182,1
10183,1
10184,2
10185,2
10186,2
10187,1
10188,1
10189,2
10190,2
10191,2
10192,2
10193,2
10194,1
10195,1
10196,2
10197,2
10198,1
10199,2
10200,1
10201,1
10202,1
10203,2
10204,2
10205,2
10206,2
10207,2
10208,2
10209,2
10210,2
10211,1
10212,2
10213,1
10214,4
10215,1
10216,1
10217,2
10218,1
10219,2
10220,2
10221,1
10222,2
10223,2
10224,2
10225,1
10226,2
10227,1
10228,2
10229,2
10230,1
10231,1
10232,1
10233,2
10234,2
10235,3
10236,2
10237,1
10238,2
10239,1
10240,1
10241,2
10242,1
10243,1
10244,2
10245,1
10246,1
10247,2
10248,1
10249,1
10250,2
10251,1
10252,2
10253,2
10254,2
10255,2
10256,2
10257,2
10258,1
10259,1
10260,1
10261,2
10262,2
10263,1
10264,1
10265,2
10266,2
10267,2
10268,2
10269,1
10270,2
10271,2
10272,2
10273,2
10274,2
10275,2
10276,1
10277,1
10278,2
10279,1
10280,1
10281,2
10282,2
10283,2
10284,1
10285,2
10286,2
10287,2
10288,1
10289,1
10290,2
10291,2
10292,2
10293,2
10294,1
10295,2
10296,2
10297,1
10298,2
10299,1
10300,1
10301,1
10302,2
10303,1
10304,1
10305,1
10306,2
10307,2
10308,1
10309,2
10310,2
10311,1
10312,2
10313,1
10314,2
10315,1
10316,1
10317,2
10318,1
10319,2
10320,2
10321,2
10322,1
10323,1
10324,2
10325,1
10326,2
10327,2
10328,1
10329,1
10330,2
10331,2
10332,2
10333,1
10334,1
10335,2
10336,2
10337,2
10338,1
10339,2
10340,2
10341,1
10342,1
10343,2
10344,2
10345,1
10346,2
10347,1
10348,2
10349,2
10350,1
10351,2
10352,2
10353,2
10354,1
10355,2
10356,1
10357,1
10358,2
10359,2
10360,1
10361,1
10362,2
10363,1
10364,2
10365,1
10366,1
10367,2
10368,1
10369,1
10370,1
10371,2
10372,2
10373,1
10374,2
10375,1
10376,2
10377,2
10378,2
10379,2
10380,2
10381,2
10382,1
10383,1
10384,2
10385,2
10386,1
10387,1
10388,2
10389,2
10390,1
10391,1
10392,1
10393,2
10394,2
10395,2
10396,1
10397,2
10398,1
10399,1
10400,2
10401,2
10402,2
10403,1
10404,2
10405,1
10406,1
10407,1
10408,1
10409,2
10410,1
10411,2
10412,1
10413,1
10414,1
10415,2
10416,1
10417,1
10418,1
10419,1
10420,1
10421,2
10422,1
10423,2
10424,2
10425,2
10426,2
10427,1
10428,1
10429,1
10430,1
10431,2
10432,2
10433,2
10434,2
10435,1
10436,2
10437,1
10438,1
10439,1
10440,2
10441,2
10442,2
10443,1
10444,2
10445,2
10446,2
10447,1
10448,2
10449,2
10450,1
10451,2
10452,1
10453,1
10454,1
10455,2
10456,2
10457,2
10458,2
10459,2
10460,1
10461,2
10462,2
10463,2
10464,2
10465,1
10466,1
10467,2
10468,1
10469,1
10470,1
10471,1
10472,2
10473,1
10474,1
10475,2
10476,1
10477,2
10478,2
10479,2
10480,1
10481,1
10482,1
10483,2
10484,2
10485,1
10486,1
10487,1
10488,1
10489,1
10490,1
10491,1
10492,2
10493,3
10494,2
10495,1
10496,2
10497,2
10498,2
10499,1
10500,1
10501,2
10502,1
10503,1
10504,1
10505,1
10506,2
10507,1
10508,1
10509,2
10510,1
10511,2
10512,1
10513,2
10514,2
10515,2
10516,1
10517,1
10518,2
10519,1
10520,2
10521,2
10522,2
10523,1
10524,1
10525,1
10526,2
10527,1
10528,2
10529,2
10530,2
10531,1
10532,1
10533,2
10534,2
10535,2
10536,2
10537,2
10538,1
10539,2
10540,1
10541,1
10542,3
10543,1
10544,2
10545,2
10546,2
10547,2
10548,2
10549,2
10550,1
10551,2
10552,1
10553,2
10554,1
10555,1
10556,2
10557,2
10558,1
10559,1
10560,1
10561,1
10562,1
10563,1
10564,1
10565,1
10566,2
10567,1
10568,1
10569,2
10570,1
10571,1
10572,2
10573,1
10574,2
10575,1
10576,3
10577,1
10578,1
10579,1
10580,1
10581,2
10582,2
10583,1
10584,2
10585,1
10586,1
10587,1
10588,1
10589,2
10590,3
10591,1
10592,1
10593,1
10594,1
10595,2
10596,2
10597,1
10598,1
10599,1
10600,2
10601,2
10602,2
10603,2
10604,1
10605,1
10606,2
10607,2
10608,2
10609,1
10610,2
10611,2
10612,2
10613,2
10614,1
10615,2
10616,1
10617,1
10618,2
10619,1
10620,3
10621,2
10622,1
10623,2
10624,1
10625,4
10626,2
10627,2
10628,1
10629,2
10630,1
10631,2
10632,2
10633,2
10634,1
10635,1
10636,1
10637,1
10638,2
10639,1
10640,2
10641,2
10642,1
10643,2
10644,1
10645,2
10646,1
10647,1
10648,2
10649,2
10650,2
10651,2
10652,1
10653,1
10654,1
10655,1
10656,1
10657,2
10658,1
10659,2
10660,2
10661,1
10662,1
10663,2
10664,1
10665,2
10666,1
10667,1
10668,1
10669,2
10670,2
10671,2
10672,2
10673,1
10674,1
10675,1
10676,1
10677,1
10678,2
10679,2
10680,1
10681,1
10682,2
10683,2
10684,1
10685,1
10686,1
10687,1
10688,1
10689,1
10690,1
10691,2
10692,1
10693,2
10694,2
10695,1
10696,2
10697,1
10698,1
10699,1
10700,1
10701,2
10702,1
10703,2
10704,1
10705,1
10706,2
10707,2
10708,2
10709,2
10710,1
10711,1
10712,2
10713,1
10714,2
10715,2
10716,2
10717,1
10718,2
10719,2
10720,2
10721,2
10722,1
10723,2
10724,1
10725,2
10726,1
10727,2
10728,2
10729,2
10730,1
10731,2
10732,1
10733,1
10734,2
10735,1
10736,1
10737,2
10738,2
10739,2
10740,2
10741,2
10742,1
10743,2
10744,1
10745,2
10746,2
10747,1
10748,1
10749,2
10750,2
10751,2
10752,2
10753,1
10754,1
10755,2
10756,1
10757,2
10758,2
10759,1
10760,2
10761,1
10762,1
10763,1
10764,1
10765,1
10766,1
10767,2
10768,1
10769,1
10770,1
10771,2
10772,1
10773,1
10774,2
10775,2
10776,1
10777,2
10778,1
10779,2
10780,1
10781,2
10782,1
10783,2
10784,2
10785,2
10786,2
10787,1
10788,1
10789,2
10790,2
10791,2
10792,2
10793,1
10794,2
10795,2
10796,1
10797,2
10798,2
10799,2
10800,1
10801,2
10802,2
10803,1
10804,2
10805,1
10806,2
10807,2
10808,2
10809,1
10810,1
10811,1
10812,1
10813,2
10814,1
10815,2
10816,2
10817,1
10818,2
10819,1
10820,2
10821,2
10822,1
10823,2
10824,2
10825,1
10826,2
10827,2
10828,2
10829,1
10830,2
10831,2
10832,2
10833,1
10834,2
10835,2
10836,1
10837,1
10838,1
10839,2
10840,1
10841,1
10842,1
10843,1
10844,1
10845,1
10846,1
10847,2
10848,2
10849,1
10850,1
10851,2
10852,2
10853,1
10854,2
10855,1
10856,1
10857,1
10858,2
10859,1
10860,2
10861,2
10862,1
10863,1
10864,1
10865,1
10866,1
10867,1
10868,1
10869,2
10870,2
10871,2
10872,2
10873,2
10874,1
10875,2
10876,2
10877,2
10878,1
10879,2
10880,1
10881,1
10882,2
10883,2
10884,1
10885,1
10886,2
10887,1
10888,1
10889,1
10890,2
10891,2
10892,2
10893,1
10894,1
10895,1
10896,2
10897,2
10898,1
10899,1
10900,2
10901,2
10902,2
10903,2
10904,1
10905,2
10906,1
10907,1
10908,2
10909,1
10910,2
10911,1
10912,1
10913,2
10914,2
10915,1
10916,2
10917,2
10918,1
10919,1
10920,2
10921,1
10922,1
10923,2
10924,2
10925,2
10926,1
10927,1
10928,2
10929,2
10930,2
10931,2
10932,1
10933,2
10934,1
10935,1
10936,1
10937,1
10938,2
10939,2
10940,1
10941,1
10942,2
10943,2
10944,1
10945,2
10946,2
10947,2
10948,2
10949,2
10950,1
10951,2
10952,2
10953,2
10954,2
10955,2
10956,1
10957,2
10958,2
10959,2
10960,1
10961,2
10962,1
10963,1
10964,2
10965,1
10966,2
10967,2
10968,2
10969,2
10970,2
10971,2
10972,2
10973,1
10974,1
10975,1
10976,2
10977,2
10978,2
10979,1
10980,2
10981,2
10982,1
10983,1
10984,2
10985,2
10986,2
10987,2
10988,2
10989,1
10990,1
10991,2
10992,2
10993,2
10994,2
10995,1
10996,1
10997,2
10998,1
10999,2
11000,2
11001,1
11002,2
11003,2
11004,2
11005,2
11006,1
11007,1
11008,2
11009,2
11010,1
11011,2
11012,1
11013,2
11014,1
11015,1
11016,2
11017,1
11018,1
11019,1
11020,1
11021,1
11022,1
11023,1
11024,2
11025,2
11026,1
11027,1
11028,2
11029,1
11030,1
11031,1
11032,3
11033,2
11034,1
11035,2
11036,1
11037,1
11038,1
11039,1
11040,2
11041,2
11042,1
11043,1
11044,2
11045,2
11046,2
11047,1
11048,2
11049,1
11050,1
11051,2
11052,2
11053,2
11054,2
11055,1
11056,2
11057,2
11058,1
11059,2
11060,2
11061,2
11062,1
11063,1
11064,1
11065,1
11066,2
11067,1
11068,2
11069,1
11070,1
11071,2
11072,1
11073,1
11074,2
11075,2
11076,1
11077,2
11078,3
11079,1
11080,1
11081,1
11082,1
11083,2
11084,1
11085,1
11086,2
11087,1
11088,2
11089,2
11090,2
11091,2
11092,1
11093,1
11094,2
11095,1
11096,1
11097,2
11098,2
11099,1
11100,2
11101,1
11102,1
11103,1
11104,1
11105,1
11106,2
11107,1
11108,2
11109,2
11110,1
11111,1
11112,1
11113,2
11114,2
11115,1
11116,1
11117,1
11118,2
11119,1
11120,1
11121,1
11122,1
11123,1
11124,1
11125,2
11126,1
11127,2
11128,1
11129,2
11130,2
11131,2
11132,1
11133,2
11134,2
11135,1
11136,2
11137,2
11138,2
11139,2
11140,2
11141,2
11142,2
11143,2
11144,2
11145,2
11146,2
11147,1
11148,2
11149,1
11150,2
11151,2
11152,1
11153,1
11154,1
11155,1
11156,2
11157,2
11158,2
11159,2
11160,1
11161,1
11162,1
11163,2
11164,2
11165,1
11166,1
11167,2
11168,1
11169,1
11170,1
11171,2
11172,2
11173,1
11174,1
11175,2
11176,1
11177,1
11178,2
11179,2
11180,1
11181,2
11182,2
11183,2
11184,1
11185,2
11186,1
11187,2
11188,1
11189,1
11190,1
11191,2
11192,1
11193,1
11194,1
11195,2
11196,2
11197,2
11198,1
11199,1
11200,1
11201,1
11202,2
11203,2
11204,1
11205,1
11206,1
11207,2
11208,1
11209,2
11210,2
11211,2
11212,1
11213,2
11214,2
11215,1
11216,1
11217,2
11218,1
11219,2
11220,2
11221,2
11222,1
11223,2
11224,1
11225,2
11226,1
11227,1
11228,2
11229,2
11230,2
11231,2
11232,2
11233,2
11234,1
11235,2
11236,2
11237,1
11238,2
11239,1
11240,1
11241,2
11242,1
11243,1
11244,1
11245,1
11246,1
11247,1
11248,2
11249,1
11250,1
11251,2
11252,1
11253,2
11254,2
11255,3
11256,2
11257,1
11258,1
11259,2
11260,1
11261,1
11262,2
11263,2
11264,2
11265,1
11266,1
11267,2
11268,1
11269,1
11270,1
11271,2
11272,2
11273,2
11274,2
11275,1
11276,1
11277,1
11278,2
11279,2
11280,2
11281,2
11282,2
11283,2
